type,name,module,path,hash
"csv","agent-manifest","_config","_config/agent-manifest.csv","fecd989eeb2f24cd74381a782316907a0e2d01e116e86af52e403439c63e3786"
"csv","task-manifest","_config","_config/task-manifest.csv","6764527e4f961e4b4a0896bdab0da02c589257e712d22ff31c18be613e198308"
"csv","workflow-manifest","_config","_config/workflow-manifest.csv","ced3e7a45077256188d7a61816d394ce022ada3882e7b743a3433f4df0e21348"
"yaml","manifest","_config","_config/manifest.yaml","e45a83f20971c8e003ea44e6add21b89cfc26389f9a7123cc74c994a897eef22"
"md","documentation-standards","_memory","_memory/tech-writer-sidecar/documentation-standards.md","b046192ee42fcd1a3e9b2ae6911a0db38510323d072c8d75bad0594f943039e4"
"md","stories-told","_memory","_memory/storyteller-sidecar/stories-told.md","8d7cb6a41382340a550c88627ef0c680ee7c20d61b53a7b18994d27f2368a5d4"
"md","story-preferences","_memory","_memory/storyteller-sidecar/story-preferences.md","b269d52c87cf6913ff2ce31772ed5faa5d064ab5f6889be6c9bec3c9b2e7c47a"
"yaml","config","_memory","_memory/config.yaml","d2d29db6fcf4c2e492f07b0c522ba80304f6f9bd351b484fb22e8b8e26a64b46"
"csv","common-workflow-tools","bmb","bmb/workflows/workflow/data/common-workflow-tools.csv","c73c8a903bf158624f7eadc03c6dceb4b338f771af3c7048a9b1a37a45ae91bf"
"csv","communication-presets","bmb","bmb/workflows/agent/data/communication-presets.csv","25bea124919e868d408eab0106011da30a66694f9f96e573dd8cc60780aa24d8"
"csv","module-help","bmb","bmb/module-help.csv","30bc24e948a6fb227981c4422d7d1a6260eec2a1bfa2cd7450493306830f23c1"
"md","agent-architecture","bmb","bmb/workflows/agent/data/agent-architecture.md","d23e35f3db1e5922facbbae061080a2d940673b4f8a90bfae7db6d28abf81157"
"md","agent-architecture","bmb","bmb/workflows/module/data/agent-architecture.md","020a293e60f06b3d57b7e489d57bdf5afa56028149c1b59614dfd54fabf48251"
"md","agent-compilation","bmb","bmb/workflows/agent/data/agent-compilation.md","3aa7c61f1da342f74ae445f7dbcbae3a796e6a9eed892ceb39010c23909d9705"
"md","agent-menu-patterns","bmb","bmb/workflows/agent/data/agent-menu-patterns.md","cdd96b31cf7aa4205cd41b209e555b155072b4e1922bd9accc085e4c350557ec"
"md","agent-metadata","bmb","bmb/workflows/agent/data/agent-metadata.md","173cc5de2aab6a0eaa1d0734a0e2b9d8a6889937f20cdc32279611c5a2ca84a2"
"md","agent-plan.template","bmb","bmb/workflows/agent/templates/agent-plan.template.md","71c75a004f86dc25c42cb43d21817d98a23c8d96db74c3821051cb45da6576c9"
"md","agent-spec-template","bmb","bmb/workflows/module/data/agent-spec-template.md","03091b4ae60ec745e751629d2c6ec31f1f89db89189453fb3878e1ec158b0831"
"md","agent-template","bmb","bmb/workflows/agent/templates/agent-template.md","1dd9e1eb44b89f577358f9b8ae50e67b577f0aede059f5082611b75701bd3a15"
"md","agent-validation","bmb","bmb/workflows/agent/data/agent-validation.md","0111a5645188abd821f3156da0d4104ab5d27c13610211a5cb33102727846130"
"md","architect","bmb","bmb/workflows/agent/data/reference/module-examples/architect.md","5e556bbf1515a0fb733b515428e86face65b1f1361cfd6ddc9674d385b2ff784"
"md","architecture","bmb","bmb/workflows/workflow/data/architecture.md","215911ee37c087810e32505d47b39f3e3c59ad35a1c5ae6602a4716674fc391d"
"md","brainstorm-context","bmb","bmb/workflows/agent/data/brainstorm-context.md","bd86effd11ea9bf8bc1b70f7cb63949441b7e3876b84471537daacd8caf0c20f"
"md","brief-template","bmb","bmb/workflows/module/templates/brief-template.md","85dcbd2bd82d143e76b627722d1f50a91dddf2c3b36af714566cd32925ee3687"
"md","critical-actions","bmb","bmb/workflows/agent/data/critical-actions.md","a1a3b248b25f800981fe8b83cd812deb1093a346a7d1b8ab8a2e730b512f77df"
"md","csv-data-file-standards","bmb","bmb/workflows/workflow/data/csv-data-file-standards.md","4d809f6fe47d6236fdca9ba66db981b436e44452f7ffd59f08b40599ab265cb8"
"md","e-01-load-existing","bmb","bmb/workflows/agent/steps-e/e-01-load-existing.md","539c7451d7b641900dfe9297823fb41feff7e08d9cfb5f67381bafca1339501a"
"md","e-02-discover-edits","bmb","bmb/workflows/agent/steps-e/e-02-discover-edits.md","4839d6eb0943f38b3e01dcfacb4b9db2578ebc0fc869956e457160d9a2d10bd9"
"md","e-03-placeholder","bmb","bmb/workflows/agent/steps-e/e-03-placeholder.md","4076b77b471144f7bd58454a2652bed9a11a964bb249df95272b73590757a95e"
"md","e-04-sidecar-metadata","bmb","bmb/workflows/agent/steps-e/e-04-sidecar-metadata.md","10f20ab04d7772edb3ad53f542fdc5c54c0e686efc6464dd72a29800ef7755ca"
"md","e-05-persona","bmb","bmb/workflows/agent/steps-e/e-05-persona.md","f563417e52584fa105c280b5e4b80bd71ec361359b45bbe7ab0678800aa00a08"
"md","e-06-commands-menu","bmb","bmb/workflows/agent/steps-e/e-06-commands-menu.md","eb3c1ea01780eb15aa912bdffa4349b7eda5a81f0225f44a0eeddf245cf4b9a2"
"md","e-07-activation","bmb","bmb/workflows/agent/steps-e/e-07-activation.md","05cacc92ad28e04b384bbb6b8828b28f5ff9ce1deb0b0582dc5c95b5060e5348"
"md","e-08-edit-agent","bmb","bmb/workflows/agent/steps-e/e-08-edit-agent.md","b221ebe838b60ba66bca2df342fc0b6ad2abae211bea1f01b1a2d8186cad81dc"
"md","e-09-celebrate","bmb","bmb/workflows/agent/steps-e/e-09-celebrate.md","8a76fa2aca4500f9a0fecc9d2018821eb8bbfc5d533e9f85861acb910f053863"
"md","frontmatter-standards","bmb","bmb/workflows/workflow/data/frontmatter-standards.md","b02270a8c293bc3b97d1684774153e23a2c212af51a5495e5d419f24931e49d0"
"md","input-discovery-standards","bmb","bmb/workflows/workflow/data/input-discovery-standards.md","e5201a3b67d728df46876e72ca99ad487ff334cfb9b64dc20c1cb3c8f4085117"
"md","intent-vs-prescriptive-spectrum","bmb","bmb/workflows/workflow/data/intent-vs-prescriptive-spectrum.md","13f8048611e00e92a05eb0106de237938458cd4fc04bc5f4d272ae4697a2a91e"
"md","menu-handling-standards","bmb","bmb/workflows/workflow/data/menu-handling-standards.md","0f2065c8ec2aa7ab1df1f5f92db0d9cd8a2364250ed9b7932e6aa17816f130e1"
"md","minimal-output-template","bmb","bmb/workflows/workflow/templates/minimal-output-template.md","f61de8986573aa22ab1bc37235b063541a0209e1033b7c7c0a587dbd8b120a98"
"md","module-help-generate","bmb","bmb/workflows/module/module-help-generate.md","00663d648bfcbadcbac11a44a5aab9e7619bc8cda9e56c9f26ab755d9383c123"
"md","module-standards","bmb","bmb/workflows/module/data/module-standards.md","4314e487a73c5cb6a85357e8ae71e4e7bfbd75ae395e19056c109c4587d4dd8e"
"md","module-yaml-conventions","bmb","bmb/workflows/module/data/module-yaml-conventions.md","669831f40384bc07982882a85cf050b725151fa5e1fcd711447c54831600e379"
"md","output-format-standards","bmb","bmb/workflows/workflow/data/output-format-standards.md","e88aa0032d0a2f6366d43244e739dcd67c1bb2525402c20d2e4d89ea6d394104"
"md","persona-properties","bmb","bmb/workflows/agent/data/persona-properties.md","26ad8d8dc3aae7cdb0818ce26685c9970e3adffefbac1911ce5ee40ed00c7a6b"
"md","principles-crafting","bmb","bmb/workflows/agent/data/principles-crafting.md","dc22ed0b426c290119d0295fdf280a2182b6027df45ea2679dab9d10e974b847"
"md","step-00-conversion","bmb","bmb/workflows/workflow/steps-c/step-00-conversion.md","c2fa704c6af768516520aabd21c8231e7d67a6c030aca6833b00d9bf47aa4049"
"md","step-01-brainstorm","bmb","bmb/workflows/agent/steps-c/step-01-brainstorm.md","3977b82c7bf9431a90f4ed8f1aa6067cfc66ee658bceea283d5d631cc05200df"
"md","step-01-discovery","bmb","bmb/workflows/workflow/steps-c/step-01-discovery.md","8b7c7b6e22e8bacf8dc2612d07e2142bcb05590b005928ac548648036dd4062c"
"md","step-01-init-continuable-template","bmb","bmb/workflows/workflow/templates/step-01-init-continuable-template.md","1ea222b3c2a2a569515ea25493e8bc6205745e1610a2df5a1d70348e76cd48e5"
"md","step-01-load-brief","bmb","bmb/workflows/module/steps-c/step-01-load-brief.md","06f46a88014817367f8991d9cd697cfff2cfb229c790ec3dc07674d19cdfaf81"
"md","step-01-load-target","bmb","bmb/workflows/module/steps-e/step-01-load-target.md","e5e15625642b5fe5836dc57a150f043e2a87355ecd76097993ce9efd233bca21"
"md","step-01-load-target","bmb","bmb/workflows/module/steps-v/step-01-load-target.md","8006a13b76b69c385ff35c2d703f125c235779d3a8561091411e3d6e1dc47bce"
"md","step-01-validate","bmb","bmb/workflows/workflow/steps-v/step-01-validate.md","0a0a7dbcbbdaa1d35855c1a02cc999edb447a60062080775882d8982172e398c"
"md","step-01-validate-max-mode","bmb","bmb/workflows/workflow/steps-v/step-01-validate-max-mode.md","a85ea69b45449ac7f6d9bb0ecb3a5c30cf87dba755c6cf7065b268103ebba795"
"md","step-01-welcome","bmb","bmb/workflows/module/steps-b/step-01-welcome.md","ed259839a715cdd016ae5161c375f2b21c2038dafe4bb4419c85e61d286609b7"
"md","step-01b-continuation","bmb","bmb/workflows/workflow/steps-c/step-01b-continuation.md","d4744e00afb0ddfddd60f8ccf33d3f0b930d5edfa6da7bcab174e5cae4ed4011"
"md","step-01b-continue","bmb","bmb/workflows/module/steps-c/step-01b-continue.md","fd8d93b04c057fb7cf2a8c7c6811cb6826900d1f17b49692f9d7909e05cfc4d8"
"md","step-01b-structure","bmb","bmb/workflows/workflow/steps-v/step-01b-structure.md","dc1efc9dfa9180798102341c0522512ee4f29903f5ff1c78fe9a3ce0c1604737"
"md","step-02-classification","bmb","bmb/workflows/workflow/steps-c/step-02-classification.md","560d01ce4db22bc094f88657dc1b2f8135fc290b98a638a4b79de5a685fb6847"
"md","step-02-discovery","bmb","bmb/workflows/agent/steps-c/step-02-discovery.md","3f8ff9b7ca8d9e556fa3d624b9c58975f6cd44438681223795648aa3d8b7099f"
"md","step-02-file-structure","bmb","bmb/workflows/module/steps-v/step-02-file-structure.md","fc0acf419646452140b033995993f288fa3d97fd41bbd48f7502e319bb326817"
"md","step-02-frontmatter-validation","bmb","bmb/workflows/workflow/steps-v/step-02-frontmatter-validation.md","26627ab0efe0b824ab15ef82e64e0d41f0a98a9663d4a39d542f4f65a2ef170a"
"md","step-02-select-edit","bmb","bmb/workflows/module/steps-e/step-02-select-edit.md","500b040c7c5540505c83932cc880de02727576f25404524bdb4be1554c261491"
"md","step-02-spark","bmb","bmb/workflows/module/steps-b/step-02-spark.md","3e054a19fe1a5166759e09a2fb3788d244f7c4f776d28663339401d8b2ac25e2"
"md","step-02-structure","bmb","bmb/workflows/module/steps-c/step-02-structure.md","6177bdc1971c60299b00d9ce9f37106ecad405bf12d6378bedf30779f87a1e03"
"md","step-02b-path-violations","bmb","bmb/workflows/workflow/steps-v/step-02b-path-violations.md","ef6f2e0b8a6f608ba06a74466acdd74bf3cf6b9ac5290c58ec780e881f912ed1"
"md","step-03-apply-edit","bmb","bmb/workflows/module/steps-e/step-03-apply-edit.md","e9ec488bd25765c1769a8f39e9fd335260c17eb247f2c5246e55a37d2fb02bd7"
"md","step-03-config","bmb","bmb/workflows/module/steps-c/step-03-config.md","14f1bd471ae827aa5ba4947ead23cfbb728ccfa4d2dcf41f7080eed08db35760"
"md","step-03-menu-validation","bmb","bmb/workflows/workflow/steps-v/step-03-menu-validation.md","352f083900a5bd4c7580a21c097547415e67a030f147ddbf338e6605f5e17679"
"md","step-03-module-type","bmb","bmb/workflows/module/steps-b/step-03-module-type.md","387020cdbf5c17286425edcbdfad48d874bd80119aa1e5fd3ecafee59a07385d"
"md","step-03-module-yaml","bmb","bmb/workflows/module/steps-v/step-03-module-yaml.md","874c7a400b90d7c8a53c9348c6194812f21f2a95da1a80127956ed3fb208ae01"
"md","step-03-requirements","bmb","bmb/workflows/workflow/steps-c/step-03-requirements.md","b9ffb90bb9b58df2d1af69b72af4bf3975e8e2b02a22615eaa98da29ae45e269"
"md","step-03-sidecar-metadata","bmb","bmb/workflows/agent/steps-c/step-03-sidecar-metadata.md","4a7b64165d29ff01f5ae90c0daae3bb875485f77412a3623f299ea26f85f9df9"
"md","step-04-agent-specs","bmb","bmb/workflows/module/steps-v/step-04-agent-specs.md","5e2b8562eb57857c80cc5f5ee1e08290c39d79070668941ee155552820bd42a9"
"md","step-04-agents","bmb","bmb/workflows/module/steps-c/step-04-agents.md","097d8b87aa5f1402a0dbb3e9255977f7cfe8dba35e237df3ce2c614419091e19"
"md","step-04-persona","bmb","bmb/workflows/agent/steps-c/step-04-persona.md","8f37e0c5f118673a8489ad9b40a0714716c0ddcbad1ed7c834e8bdf67e33656a"
"md","step-04-review","bmb","bmb/workflows/module/steps-e/step-04-review.md","8fc1da4ab65f6639d860600c942e82a9c2ad7fa8fc3788bb9d35e98c811e9cbb"
"md","step-04-step-type-validation","bmb","bmb/workflows/workflow/steps-v/step-04-step-type-validation.md","22666ec35c68019eaa956f792e653bea6d9bb33adae88f81945423925b0aacd9"
"md","step-04-tools","bmb","bmb/workflows/workflow/steps-c/step-04-tools.md","0202c1f6e80366d0e6a970fa3484264bdbec56ac36b0253aee3db710a7b96ab7"
"md","step-04-vision","bmb","bmb/workflows/module/steps-b/step-04-vision.md","4200d1b6811ae7e16ef2ec5377f7a006b508353c42baa1d65ce5e919e35a4414"
"md","step-05-commands-menu","bmb","bmb/workflows/agent/steps-c/step-05-commands-menu.md","13d355dd79eedbbaa4e3b73ef4c7336edf11cf86d3d110bd99154c6405c8f543"
"md","step-05-confirm","bmb","bmb/workflows/module/steps-e/step-05-confirm.md","f864c0d7c0f2178dbe5ee785fd6136a097801de22fe9927cc717174465eace77"
"md","step-05-identity","bmb","bmb/workflows/module/steps-b/step-05-identity.md","bf6750cdea36d19553295d201d5cf3cc05bba724b4cf105ae297b4fc328ddbe8"
"md","step-05-output-format-validation","bmb","bmb/workflows/workflow/steps-v/step-05-output-format-validation.md","d8aed144c932f4d7615b595696a7849d4a8ce468ac632f1316b3a3efe0337f5d"
"md","step-05-plan-review","bmb","bmb/workflows/workflow/steps-c/step-05-plan-review.md","1896308083a01fdbb2c723e3d8f11f60e0423dd2e1d46949e51f6ed2a2bb9cf3"
"md","step-05-workflow-specs","bmb","bmb/workflows/module/steps-v/step-05-workflow-specs.md","d2b3b63e54480646b5524b3bd32c0a6acfb410c0ebfb48991cbf3a43b2f5be5b"
"md","step-05-workflows","bmb","bmb/workflows/module/steps-c/step-05-workflows.md","ee6ba8767d893f96428a425119039014b5d4d3c2a9e65d59092f100c668c52c0"
"md","step-06-activation","bmb","bmb/workflows/agent/steps-c/step-06-activation.md","2f7923d26cfac1698d2e2d3272cb644947a4d4d705a4236e29f4bb16a4b903df"
"md","step-06-design","bmb","bmb/workflows/workflow/steps-c/step-06-design.md","a59fef28936210a6c0edeaba5e4b02af6188950fc6482eb9365d2a93bb8e727c"
"md","step-06-docs","bmb","bmb/workflows/module/steps-c/step-06-docs.md","8e6791e97658a3288d297b61e1396ee3eda64d087077af7a47880f33bd5456d1"
"md","step-06-documentation","bmb","bmb/workflows/module/steps-v/step-06-documentation.md","3c2cda05dba1da28bfecac96b442dd6b260916a5d387255d8a5f8aabf775918a"
"md","step-06-users","bmb","bmb/workflows/module/steps-b/step-06-users.md","876c8a8f186569e99e42a1a5a3f7b94f33081306af9b1f354250285fbb1616c8"
"md","step-06-validation-design-check","bmb","bmb/workflows/workflow/steps-v/step-06-validation-design-check.md","934be5b8740504411c29c92caa162bde9f9f5b76f9b51f900cddc81ce20afc48"
"md","step-07-build-agent","bmb","bmb/workflows/agent/steps-c/step-07-build-agent.md","3a82c276e43e54faef410a2ac8d4f0f8f0bfd80d085aa563da2334cb30b76448"
"md","step-07-complete","bmb","bmb/workflows/module/steps-c/step-07-complete.md","5e62ae3e42648d1bb9e4ad77c0b01eff36eee498d8539804123286cff8ae685e"
"md","step-07-foundation","bmb","bmb/workflows/workflow/steps-c/step-07-foundation.md","496ab7074b6678d0a3ce5a89aec60d3867fb224a7265b004e5e438a80aa6fec7"
"md","step-07-installation","bmb","bmb/workflows/module/steps-v/step-07-installation.md","e0067d8cf1ad2b2a0cbdd645ef0b3d897f0424f80eb1ac6c0890a1c1a9f90bbf"
"md","step-07-instruction-style-check","bmb","bmb/workflows/workflow/steps-v/step-07-instruction-style-check.md","f637bce8213eed574a5b4d65ee043c1aedfdedf76a1f0d2603f3002a361cb5be"
"md","step-07-value","bmb","bmb/workflows/module/steps-b/step-07-value.md","5634beb03472aee5eba35e5c83d1b0ef502055e6fdca6f16698f9f6ac1cb53b4"
"md","step-08-agents","bmb","bmb/workflows/module/steps-b/step-08-agents.md","e33c9857d1f5a43371a34f56ab1e4c1e3b8aa9056eb7dd7aa2e928c3b552e34e"
"md","step-08-build-step-01","bmb","bmb/workflows/workflow/steps-c/step-08-build-step-01.md","dd3677dd82dbcc6339a696a1899c8283e6fb23b187ddf0d5bc9122e0d29546ad"
"md","step-08-celebrate","bmb","bmb/workflows/agent/steps-c/step-08-celebrate.md","e42540d0843fe4a17502a7aa2cb2e55841142749d76d3f5d1a83c4ab2a1360a1"
"md","step-08-collaborative-experience-check","bmb","bmb/workflows/workflow/steps-v/step-08-collaborative-experience-check.md","14b9afce8eb7fe59d3b8cc3a44295b955d4419fed0e8d1a6b0ac31a3ef3cc610"
"md","step-08-report","bmb","bmb/workflows/module/steps-v/step-08-report.md","e9080fe17dc98280a1d2d7adeaca039d185f580307d43f1224dcc9cf44d62101"
"md","step-08b-subprocess-optimization","bmb","bmb/workflows/workflow/steps-v/step-08b-subprocess-optimization.md","cda18ba6427b1fb8d7266123be8e059c4289ed2b62abc3a39bbae8ea8593227c"
"md","step-09-build-next-step","bmb","bmb/workflows/workflow/steps-c/step-09-build-next-step.md","c6fd5d88991d33c9a947f3e0c49181231b95a2baa5c93ac9ac71b2dbd568bcf2"
"md","step-09-cohesive-review","bmb","bmb/workflows/workflow/steps-v/step-09-cohesive-review.md","cf604f0dab7aa11af521f2270a9c96fa02c7f99f3430811db1ae25dd59dbe946"
"md","step-09-workflows","bmb","bmb/workflows/module/steps-b/step-09-workflows.md","d0a8f1b824d1423f9a5544112afe03725c4b8196a0be62b32c161a930f07e0ee"
"md","step-10-confirmation","bmb","bmb/workflows/workflow/steps-c/step-10-confirmation.md","b5cc8dab668df3888b689f272cc39706471a86286542ef807b176abca5a93ddf"
"md","step-10-report-complete","bmb","bmb/workflows/workflow/steps-v/step-10-report-complete.md","ec38ede67f999076e3df5eaf3cb88f1f069791cd770dda826c101cac61a1e814"
"md","step-10-tools","bmb","bmb/workflows/module/steps-b/step-10-tools.md","0987d73d4335b6779ca2cd27d2e7620eef92b98cece2d9aa442fe243435c845f"
"md","step-11-completion","bmb","bmb/workflows/workflow/steps-c/step-11-completion.md","49e0f7f8d6aa4ac73828a8cbce8cf9ab0816871009559673dcbbe716c9ed21f0"
"md","step-11-plan-validation","bmb","bmb/workflows/workflow/steps-v/step-11-plan-validation.md","58e4c8a2363cc7eef8b4f1c86c52a03d94e6e160462c34478ff851b2232be8c8"
"md","step-11-scenarios","bmb","bmb/workflows/module/steps-b/step-11-scenarios.md","d5ceda11834165ce9b6111d754ce5dbbbee11f34411805c2cc7d7f5fcde1cda8"
"md","step-12-creative","bmb","bmb/workflows/module/steps-b/step-12-creative.md","495309304d1a68b4b0dbe4b5fba0548092641b216b5c57d7cfd6708679898d43"
"md","step-13-review","bmb","bmb/workflows/module/steps-b/step-13-review.md","5a6050a0ebf2046c3730c951572ec17e04bf0e9ccf145b8d0aa3d03235e11477"
"md","step-14-finalize","bmb","bmb/workflows/module/steps-b/step-14-finalize.md","09aba595988eda5bece47552e8b93241780019169e421af5bb6faa33abd71b4a"
"md","step-1b-template","bmb","bmb/workflows/workflow/templates/step-1b-template.md","ec4b361c53e6582c2b610b7a96241bd2726acb98dfab7e4a7ef005c3f4140093"
"md","step-e-01-assess-workflow","bmb","bmb/workflows/workflow/steps-e/step-e-01-assess-workflow.md","0b1a8a9a6308d428ca8ea285054ca7c6127d8d712e808e13d53c66393872a42a"
"md","step-e-02-discover-edits","bmb","bmb/workflows/workflow/steps-e/step-e-02-discover-edits.md","e6dcbf4d638eba3ee5aafb89db958b71c2bea17c56c1724c3741174e943f1c0c"
"md","step-e-03-fix-validation","bmb","bmb/workflows/workflow/steps-e/step-e-03-fix-validation.md","f0d07b596606ca6c34616a89b210f09c71ed1b87acce9148e4e88c21d91bdc21"
"md","step-e-04-direct-edit","bmb","bmb/workflows/workflow/steps-e/step-e-04-direct-edit.md","a4afa5e0942e386ebaebad2d815144ce08f067024d8e7e2bc29874241cf41e4e"
"md","step-e-05-apply-edit","bmb","bmb/workflows/workflow/steps-e/step-e-05-apply-edit.md","3e5a73e07176ec70e742561c87b6892ca351397f43061a6d2b10d6b7cbcdb26f"
"md","step-e-06-validate-after","bmb","bmb/workflows/workflow/steps-e/step-e-06-validate-after.md","969677115937443e64cc1f01c3acd91c87e0e0d5288ce1bac4db8319d4dd6273"
"md","step-e-07-complete","bmb","bmb/workflows/workflow/steps-e/step-e-07-complete.md","1d5f6b8b3830c46b71c5f9d81d6a522879d118521584c40121dc953a9d78b84d"
"md","step-file-rules","bmb","bmb/workflows/workflow/data/step-file-rules.md","1b470e3d55a8aed1b0724612d1b84524147eabb27e9fa46886ec5d0df7a674f3"
"md","step-template","bmb","bmb/workflows/workflow/templates/step-template.md","3d1b8c2ed88ceeb1545c85c2fe6c34352b2343fb8f9d1a1fba768ac6fc10eb31"
"md","step-type-patterns","bmb","bmb/workflows/workflow/data/step-type-patterns.md","9c5f50d2ddaf3d50d54ee29e21a323bc82f72936dfaf67ff6641fa83c4c68fec"
"md","subprocess-optimization-patterns","bmb","bmb/workflows/workflow/data/subprocess-optimization-patterns.md","533ec5fce72104b1b220c40333489241f55291fdd7973e7235f8d2d4b3d193a4"
"md","trimodal-workflow-structure","bmb","bmb/workflows/workflow/data/trimodal-workflow-structure.md","e83b38d8abed9a06495f3da39d8db6d24cd00cf5b5369577f422f22e2b7695e9"
"md","understanding-agent-types","bmb","bmb/workflows/agent/data/understanding-agent-types.md","1f852c86102211c6db08c9d1ed60d63ec7cd460f1bafd308cb3b6841114d1683"
"md","v-01-load-review","bmb","bmb/workflows/agent/steps-v/v-01-load-review.md","a0dc536b3523025be2f0b823b9343e46bffc1b2bea847f6e52c7f6e7203d1c8a"
"md","v-02a-validate-metadata","bmb","bmb/workflows/agent/steps-v/v-02a-validate-metadata.md","32b227f2d8fd18637b1d5b78a9598e2600e41f1a70e8caff846a18c287b2ddb1"
"md","v-02b-validate-persona","bmb","bmb/workflows/agent/steps-v/v-02b-validate-persona.md","b7535cdf8ae862bf3f3994b900343b73028485d9843dc7df9678253a1e0e65b4"
"md","v-02c-validate-menu","bmb","bmb/workflows/agent/steps-v/v-02c-validate-menu.md","33782859da582ac82acd88be9f604679d7b148dc6fbf0bc0509288cf7d9d0d9e"
"md","v-02d-validate-structure","bmb","bmb/workflows/agent/steps-v/v-02d-validate-structure.md","69c8698961d714f9806d7657b6d9aac88ddf8c9a7c5590bdc764d11d54c6f281"
"md","v-02e-validate-sidecar","bmb","bmb/workflows/agent/steps-v/v-02e-validate-sidecar.md","9eb2ec9001fbc2ffea80a9158d4d496c6acab2b965d928abc2843555508a6458"
"md","v-03-summary","bmb","bmb/workflows/agent/steps-v/v-03-summary.md","db9b978c1569afa254184960a9c31ae71a8356a6def57ba09c0961f4efa46ee0"
"md","workflow-chaining-standards","bmb","bmb/workflows/workflow/data/workflow-chaining-standards.md","6aede9a3350786f71687c470038748ad255859e310cda854d147644216bf9bfe"
"md","workflow-create-agent","bmb","bmb/workflows/agent/workflow-create-agent.md","5b83913d4947e77a5137a4fabbe36ca338d45f80afc5c1dedb93c343dd1310c3"
"md","workflow-create-module","bmb","bmb/workflows/module/workflow-create-module.md","be3147584de6a3740071b9c80483d8d75f3b4fd818e5c2555cf03ce5d6d4c98c"
"md","workflow-create-module-brief","bmb","bmb/workflows/module/workflow-create-module-brief.md","7c254d7d318b0ee3a8646acf50b59eb744d960614be5d541a65c54a22f569813"
"md","workflow-create-workflow","bmb","bmb/workflows/workflow/workflow-create-workflow.md","5eadc6e949ae2b453811f79d58da1b4800ff6a3f713a181369fd5d88726407ff"
"md","workflow-edit-agent","bmb","bmb/workflows/agent/workflow-edit-agent.md","c72408f1c72bcbf15a7a8072bc07cf023d25c16fa928bb18f682db1177694fb3"
"md","workflow-edit-module","bmb","bmb/workflows/module/workflow-edit-module.md","c60fa81100c0dab568bb0d1f55d5035c59ca66ebd7f48ca503bbc4866ccdcb82"
"md","workflow-edit-workflow","bmb","bmb/workflows/workflow/workflow-edit-workflow.md","012b2ec4997fcab5b601b475f9aed2a72da41370ea5377bb03064f98c74be91d"
"md","workflow-examples","bmb","bmb/workflows/workflow/data/workflow-examples.md","858a3052f65cad4d6288b8996953e7ae674b00626fe52416c1c088c150847c05"
"md","workflow-rework-workflow","bmb","bmb/workflows/workflow/workflow-rework-workflow.md","df97ef45745a89e90b2db9f619aa40bbcc8ea93bd258247d0289fee2add70cf5"
"md","workflow-spec-template","bmb","bmb/workflows/module/templates/workflow-spec-template.md","e226dc5357c301dfba14dce94bfaad692bfb0f025599a82ae4c97d494627c7af"
"md","workflow-template","bmb","bmb/workflows/workflow/templates/workflow-template.md","6b39e89217d20c7d917602874978bbf018f0d7d3e33e0e753331a602f114fc14"
"md","workflow-type-criteria","bmb","bmb/workflows/workflow/data/workflow-type-criteria.md","60dc1e893f39a9a67540196b6cd5d3424e1e29efd0622962ffb39665b10265bb"
"md","workflow-validate-agent","bmb","bmb/workflows/agent/workflow-validate-agent.md","a1459e71ef5ef12d674f029d45e9560386987e33affc6b8b8e45b302a423bd62"
"md","workflow-validate-max-parallel-workflow","bmb","bmb/workflows/workflow/workflow-validate-max-parallel-workflow.md","4133b5a77c454fc48a55d5e0896fe2d7d21d9e9e39c3e2024febe200df16b3ed"
"md","workflow-validate-module","bmb","bmb/workflows/module/workflow-validate-module.md","7e02b817d7f6bc21ff5bee00f194996a0dd8385bcabd026b2efdcc3f157bebb9"
"md","workflow-validate-workflow","bmb","bmb/workflows/workflow/workflow-validate-workflow.md","f792e9b04ee4fe43e40b10499714e3bbb085c2304ddc478faf9b1bb333e11b72"
"md","yy-mm-dd-entry-template","bmb","bmb/workflows/agent/data/reference/with-sidecar/journal-keeper/journal-keeper-sidecar/entries/yy-mm-dd-entry-template.md","afad2b3f97e0a82fb371ce89cab74734eb5b5c1238dfaed02f5967b581bf7c47"
"yaml","config","bmb","bmb/config.yaml","4c671a02372a4b15c94c1eb6e6704ff8c91505be85b5b23969514e87c2aa7c46"
"csv","default-party","bmm","bmm/teams/default-party.csv","5af107a5b9e9092aeb81bd8c8b9bbe7003afb7bc500e64d56da7cc27ae0c4a6e"
"csv","documentation-requirements","bmm","bmm/workflows/document-project/documentation-requirements.csv","d1253b99e88250f2130516b56027ed706e643bfec3d99316727a4c6ec65c6c1d"
"csv","domain-complexity","bmm","bmm/workflows/2-plan-workflows/create-prd/data/domain-complexity.csv","f775f09fb4dc1b9214ca22db4a3994ce53343d976d7f6e5384949835db6d2770"
"csv","domain-complexity","bmm","bmm/workflows/3-solutioning/create-architecture/data/domain-complexity.csv","3dc34ed39f1fc79a51f7b8fc92087edb7cd85c4393a891d220f2e8dd5a101c70"
"csv","module-help","bmm","bmm/module-help.csv","70ce6fcf717801e5b3d47f4d0496b027c5dc4e1ce0a0508613f5a4abd828a354"
"csv","project-types","bmm","bmm/workflows/2-plan-workflows/create-prd/data/project-types.csv","7a01d336e940fb7a59ff450064fd1194cdedda316370d939264a0a0adcc0aca3"
"csv","project-types","bmm","bmm/workflows/3-solutioning/create-architecture/data/project-types.csv","12343635a2f11343edb1d46906981d6f5e12b9cad2f612e13b09460b5e5106e7"
"json","project-scan-report-schema","bmm","bmm/workflows/document-project/templates/project-scan-report-schema.json","8466965321f1db22f5013869636199f67e0113706283c285a7ffbbf5efeea321"
"md","architecture-decision-template","bmm","bmm/workflows/3-solutioning/create-architecture/architecture-decision-template.md","5d9adf90c28df61031079280fd2e49998ec3b44fb3757c6a202cda353e172e9f"
"md","checklist","bmm","bmm/workflows/4-implementation/code-review/checklist.md","e30d2890ba5c50777bbe04071f754e975a1d7ec168501f321a79169c4201dd28"
"md","checklist","bmm","bmm/workflows/4-implementation/correct-course/checklist.md","24a3f3e0108398d490dcfbe8669afc50226673cad494f16a668b515ab24bf709"
"md","checklist","bmm","bmm/workflows/4-implementation/create-story/checklist.md","2c8b9d58ea997a6a71600031acb21c4477d8670cbb64c956c9480e942698bb48"
"md","checklist","bmm","bmm/workflows/4-implementation/dev-story/checklist.md","630b68c6824a8785003a65553c1f335222b17be93b1bd80524c23b38bde1d8af"
"md","checklist","bmm","bmm/workflows/4-implementation/sprint-planning/checklist.md","80b10aedcf88ab1641b8e5f99c9a400c8fd9014f13ca65befc5c83992e367dd7"
"md","checklist","bmm","bmm/workflows/document-project/checklist.md","581b0b034c25de17ac3678db2dbafedaeb113de37ddf15a4df6584cf2324a7d7"
"md","checklist","bmm","bmm/workflows/qa/automate/checklist.md","83cd779c6527ff34184dc86f9eebfc0a8a921aee694f063208aee78f80a8fb12"
"md","deep-dive-instructions","bmm","bmm/workflows/document-project/workflows/deep-dive-instructions.md","48b947d438c29a44bfda2ec3c05efcc987397055dc143a49d44c9d4174b7ac09"
"md","deep-dive-template","bmm","bmm/workflows/document-project/templates/deep-dive-template.md","6198aa731d87d6a318b5b8d180fc29b9aa53ff0966e02391c17333818e94ffe9"
"md","epics-template","bmm","bmm/workflows/3-solutioning/create-epics-and-stories/templates/epics-template.md","b8ec5562b2a77efd80c40eba0421bbaab931681552e5a0ff01cd93902c447ff7"
"md","full-scan-instructions","bmm","bmm/workflows/document-project/workflows/full-scan-instructions.md","419912da2b9ea5642c5eff1805f07b8dc29138c23fba0d1092da75506e5e29fb"
"md","index-template","bmm","bmm/workflows/document-project/templates/index-template.md","42c8a14f53088e4fda82f26a3fe41dc8a89d4bcb7a9659dd696136378b64ee90"
"md","instructions","bmm","bmm/workflows/4-implementation/correct-course/instructions.md","9e239bb0653ef06846b03458c4d341fe5b82b173344c0a65cf226b989ac91313"
"md","instructions","bmm","bmm/workflows/4-implementation/retrospective/instructions.md","8dbd18308a8bafc462759934125725222e09c48de2e9af3cde73789867293def"
"md","instructions","bmm","bmm/workflows/4-implementation/sprint-planning/instructions.md","888312e225ce1944c21a98fbf49c4f118967b3676b23919906bdeda1132a2833"
"md","instructions","bmm","bmm/workflows/4-implementation/sprint-status/instructions.md","d4b7107ddbe33fb5dfc68a626c55585837743c39d171c73052cd93532c35c11d"
"md","instructions","bmm","bmm/workflows/document-project/instructions.md","57762fb89b42df577da1188bc881cf3a8d75a1bcc60bce9e1ab2b8bcfdf29a66"
"md","instructions","bmm","bmm/workflows/qa/automate/instructions.md","3f3505f847f943b2f4a0699017c16e15fa3782f51090a0332304d7248e020e0c"
"md","prd-purpose","bmm","bmm/workflows/2-plan-workflows/create-prd/data/prd-purpose.md","49c4641b91504bb14e3887029b70beacaff83a2de200ced4f8cb11c1356ecaee"
"md","prd-template","bmm","bmm/workflows/2-plan-workflows/create-prd/templates/prd-template.md","7ccccab9c06a626b7a228783b0b9b6e4172e9ec0b10d47bbfab56958c898f837"
"md","product-brief.template","bmm","bmm/workflows/1-analysis/create-product-brief/product-brief.template.md","ae0f58b14455efd75a0d97ba68596a3f0b58f350cd1a0ee5b1af69540f949781"
"md","project-context-template","bmm","bmm/data/project-context-template.md","facd60b71649247146700b1dc7d709fa0ae09487f7cf2b5ff8f5ce1b3a8427e8"
"md","project-context-template","bmm","bmm/workflows/generate-project-context/project-context-template.md","54e351394ceceb0ac4b5b8135bb6295cf2c37f739c7fd11bb895ca16d79824a5"
"md","project-overview-template","bmm","bmm/workflows/document-project/templates/project-overview-template.md","a7c7325b75a5a678dca391b9b69b1e3409cfbe6da95e70443ed3ace164e287b2"
"md","readiness-report-template","bmm","bmm/workflows/3-solutioning/check-implementation-readiness/templates/readiness-report-template.md","0da97ab1e38818e642f36dc0ef24d2dae69fc6e0be59924dc2dbf44329738ff6"
"md","research.template","bmm","bmm/workflows/1-analysis/research/research.template.md","507bb6729476246b1ca2fca4693986d286a33af5529b6cd5cb1b0bb5ea9926ce"
"md","source-tree-template","bmm","bmm/workflows/document-project/templates/source-tree-template.md","109bc335ebb22f932b37c24cdc777a351264191825444a4d147c9b82a1e2ad7a"
"md","step-01-discover","bmm","bmm/workflows/generate-project-context/steps/step-01-discover.md","0f1455c018b2f6df0b896d25e677690e1cf58fa1b276d90f0723187d786d6613"
"md","step-01-document-discovery","bmm","bmm/workflows/3-solutioning/check-implementation-readiness/steps/step-01-document-discovery.md","9204972d801c28a76433230942c81bacc171e6b6951d3226cea9e7ca5c9310f1"
"md","step-01-init","bmm","bmm/workflows/1-analysis/create-product-brief/steps/step-01-init.md","256c5f87e9449ab921614e2f23644a6b5a1222178320d863429ee2a284905e32"
"md","step-01-init","bmm","bmm/workflows/1-analysis/research/domain-steps/step-01-init.md","efee243f13ef54401ded88f501967b8bc767460cec5561b2107fc03fe7b7eab1"
"md","step-01-init","bmm","bmm/workflows/1-analysis/research/market-steps/step-01-init.md","8dbd4a1520451945e8a5d5bccb489f9186b76f57f5bf3c77dbdf088e26ac7730"
"md","step-01-init","bmm","bmm/workflows/1-analysis/research/technical-steps/step-01-init.md","c9a1627ecd26227e944375eb691e7ee6bc9f5db29a428a5d53e5d6aef8bb9697"
"md","step-01-init","bmm","bmm/workflows/2-plan-workflows/create-prd/steps-c/step-01-init.md","6ad502fa5bf5639eaf6a42e8f0bc0f2b811e0a3fd2ae3a24ed3333365f99e23c"
"md","step-01-init","bmm","bmm/workflows/2-plan-workflows/create-ux-design/steps/step-01-init.md","7b3467a29126c9498b57b06d688f610bcb7a68a8975208c209dd1103546bc455"
"md","step-01-init","bmm","bmm/workflows/3-solutioning/create-architecture/steps/step-01-init.md","c730b1f23f0298853e5bf0b9007c2fc86e835fb3d53455d2068a6965d1192f49"
"md","step-01-mode-detection","bmm","bmm/workflows/bmad-quick-flow/quick-dev/steps/step-01-mode-detection.md","d3170f565ed21633a1f08b50c90349c93d1ec362fe6ec86c746f507796acd745"
"md","step-01-understand","bmm","bmm/workflows/bmad-quick-flow/quick-spec/steps/step-01-understand.md","9dcea07431d15d15357045e4e1522c3aa6978a099dadf8db674ecf4846e391c7"
"md","step-01-validate-prerequisites","bmm","bmm/workflows/3-solutioning/create-epics-and-stories/steps/step-01-validate-prerequisites.md","5ba8ba972e8376339ed2c9b75e4f98125521af0270bb5dff6e47ec73137e01de"
"md","step-01b-continue","bmm","bmm/workflows/1-analysis/create-product-brief/steps/step-01b-continue.md","08bd92dc8486983ac8b5b19efd943d2fd83f2a6f6ba247aad9bb075e12b20860"
"md","step-01b-continue","bmm","bmm/workflows/2-plan-workflows/create-prd/steps-c/step-01b-continue.md","4e8af43d1847236333566efaa4b0b5e63d706e673872705ee6f215a7ccb9d715"
"md","step-01b-continue","bmm","bmm/workflows/2-plan-workflows/create-ux-design/steps/step-01b-continue.md","fde4bf8fa3a6d3230d20cb23e71cbc8e2db1cd2b30b693e13d0b3184bc6bb9a6"
"md","step-01b-continue","bmm","bmm/workflows/3-solutioning/create-architecture/steps/step-01b-continue.md","c6cc389b49682a8835382d477d803a75acbad01b24da1b7074ce140d82b278dc"
"md","step-02-context","bmm","bmm/workflows/3-solutioning/create-architecture/steps/step-02-context.md","07387b1d8c2f92c646bdbad88ad1401d0295c3adecc1637f07630173d8939088"
"md","step-02-context-gathering","bmm","bmm/workflows/bmad-quick-flow/quick-dev/steps/step-02-context-gathering.md","a79d99cc35e43442acda2ce7da80f26f4f50e2be08f38c10e4e5695ce0ff6016"
"md","step-02-customer-behavior","bmm","bmm/workflows/1-analysis/research/market-steps/step-02-customer-behavior.md","ca77a54143c2df684cf859e10cea48c6ea1ce8e297068a0f0f26ee63d3170c1e"
"md","step-02-design-epics","bmm","bmm/workflows/3-solutioning/create-epics-and-stories/steps/step-02-design-epics.md","2c18d76a9b73eae8b9f552cd4252f8208a0c017624ddbaf6bcbe7b28ddfa217e"
"md","step-02-discovery","bmm","bmm/workflows/2-plan-workflows/create-prd/steps-c/step-02-discovery.md","706d3e040c3997d1985e5088cd05e9310b3e3ee5c37d49f0edd24f54b7b88cc5"
"md","step-02-discovery","bmm","bmm/workflows/2-plan-workflows/create-ux-design/steps/step-02-discovery.md","6d340f83d62f873a4c09371a38c77dc9ce9726cd6cd1cf9bf89ddec09f36af4c"
"md","step-02-domain-analysis","bmm","bmm/workflows/1-analysis/research/domain-steps/step-02-domain-analysis.md","385a288d9bbb0adf050bcce4da4dad198a9151822f9766900404636f2b0c7f9d"
"md","step-02-generate","bmm","bmm/workflows/generate-project-context/steps/step-02-generate.md","0fff27dab748b4600d02d2fb083513fa4a4e061ed66828b633f7998fcf8257e1"
"md","step-02-investigate","bmm","bmm/workflows/bmad-quick-flow/quick-spec/steps/step-02-investigate.md","dafa8215d11132018f0ca706d4c1073cc7c97ae006f0f0b7667978e84bfbee3e"
"md","step-02-prd-analysis","bmm","bmm/workflows/3-solutioning/check-implementation-readiness/steps/step-02-prd-analysis.md","f8c4f293c0a040fa9f73829ffeabfa073d0a8ade583adaefb26431ec83a76398"
"md","step-02-technical-overview","bmm","bmm/workflows/1-analysis/research/technical-steps/step-02-technical-overview.md","9c7582241038b16280cddce86f2943216541275daf0a935dcab78f362904b305"
"md","step-02-vision","bmm","bmm/workflows/1-analysis/create-product-brief/steps/step-02-vision.md","a6262132ec081165358941df207d02e29e5ab00b4f516adf2772effa46d21dd5"
"md","step-02b-vision","bmm","bmm/workflows/2-plan-workflows/create-prd/steps-c/step-02b-vision.md","3b4ec4c20d83ae432d3514742cb00ad58ba653524e7158ea1b1e2c7e8266ea61"
"md","step-02c-executive-summary","bmm","bmm/workflows/2-plan-workflows/create-prd/steps-c/step-02c-executive-summary.md","5f759250087222be739b3cd8f1d4100626d377345b330fcc013388ec16cb855e"
"md","step-03-competitive-landscape","bmm","bmm/workflows/1-analysis/research/domain-steps/step-03-competitive-landscape.md","f10aa088ba00c59491507f6519fb314139f8be6807958bb5fd1b66bff2267749"
"md","step-03-complete","bmm","bmm/workflows/generate-project-context/steps/step-03-complete.md","cf8d1d1904aeddaddb043c3c365d026cd238891cd702c2b78bae032a8e08ae17"
"md","step-03-core-experience","bmm","bmm/workflows/2-plan-workflows/create-ux-design/steps/step-03-core-experience.md","b23ce8244db8a183761a9420fa54ff285bbf7c54b2d30c62c32d3cf8cb4c2f00"
"md","step-03-create-stories","bmm","bmm/workflows/3-solutioning/create-epics-and-stories/steps/step-03-create-stories.md","e6deb22291f05a96e56f5cb3ab88eca3bb6df564208edd8fcc693d4c27139f29"
"md","step-03-customer-pain-points","bmm","bmm/workflows/1-analysis/research/market-steps/step-03-customer-pain-points.md","ce7394a73a7d3dd627280a8bef0ed04c11e4036275acc4b50c666fd1d84172c4"
"md","step-03-epic-coverage-validation","bmm","bmm/workflows/3-solutioning/check-implementation-readiness/steps/step-03-epic-coverage-validation.md","f425bcac163b9ea63a004039ff65fffea3499d9e01a2821bb11e0e17e6b6fc52"
"md","step-03-execute","bmm","bmm/workflows/bmad-quick-flow/quick-dev/steps/step-03-execute.md","463a7865ed9efde3cf073e87ecae591bd668f62746b42f4f4c94a1ba4e4b9da0"
"md","step-03-generate","bmm","bmm/workflows/bmad-quick-flow/quick-spec/steps/step-03-generate.md","c59fe4fe129c2b0461ba0382fdbfcf9160c1997a1a0dca271261bdf006ff2364"
"md","step-03-integration-patterns","bmm","bmm/workflows/1-analysis/research/technical-steps/step-03-integration-patterns.md","005d517a2f962e2172e26b23d10d5e6684c7736c0d3982e27b2e72d905814ad9"
"md","step-03-starter","bmm","bmm/workflows/3-solutioning/create-architecture/steps/step-03-starter.md","535124eb8228ffa628fee5b2e89b9a66d4c2c5d29485c11ccc0d1062b6d674e2"
"md","step-03-success","bmm","bmm/workflows/2-plan-workflows/create-prd/steps-c/step-03-success.md","7b7b339c36ab34953dc542f48a3ed38da420078ee62bbf840a4cb939a3121567"
"md","step-03-users","bmm","bmm/workflows/1-analysis/create-product-brief/steps/step-03-users.md","7d3884a502341bd5912eac8b24af5bb961385f353b4a37cee916f0a2b2226b97"
"md","step-04-architectural-patterns","bmm","bmm/workflows/1-analysis/research/technical-steps/step-04-architectural-patterns.md","4636f23e9c585a7a0c90437a660609d913f16362c3557fc2e71d408d6b9f46ce"
"md","step-04-customer-decisions","bmm","bmm/workflows/1-analysis/research/market-steps/step-04-customer-decisions.md","17dde68d655f7c66b47ed59088c841d28d206ee02137388534b141d9a8465cf9"
"md","step-04-decisions","bmm","bmm/workflows/3-solutioning/create-architecture/steps/step-04-decisions.md","41829279a6ffec9b87870fc0a87e8738b529f07f47ec65dabd983e39d582f8b8"
"md","step-04-emotional-response","bmm","bmm/workflows/2-plan-workflows/create-ux-design/steps/step-04-emotional-response.md","45ff4c3e907f32c91d78f101a78b075f5731642628474c36b7e06c13fd9519e6"
"md","step-04-final-validation","bmm","bmm/workflows/3-solutioning/create-epics-and-stories/steps/step-04-final-validation.md","c507a3ddf39f657d1c9934c9105d079a7fe78694f19bd519e845a010b3afbda4"
"md","step-04-journeys","bmm","bmm/workflows/2-plan-workflows/create-prd/steps-c/step-04-journeys.md","ff297509882def062ab58de4ae922472dd05b562338689c8ac25a24bedad7dca"
"md","step-04-metrics","bmm","bmm/workflows/1-analysis/create-product-brief/steps/step-04-metrics.md","887af175137069fe498f1fd26db2995d1ad00d658cf15598846ae30d03ce0ce5"
"md","step-04-regulatory-focus","bmm","bmm/workflows/1-analysis/research/domain-steps/step-04-regulatory-focus.md","d22035529efe91993e698b4ebf297bf2e7593eb41d185a661c357a8afc08977b"
"md","step-04-review","bmm","bmm/workflows/bmad-quick-flow/quick-spec/steps/step-04-review.md","aa246ba5793f3a1c6dd434b388b41ccfb9e675bb55664a900a4eb2486e2a40e3"
"md","step-04-self-check","bmm","bmm/workflows/bmad-quick-flow/quick-dev/steps/step-04-self-check.md","14e852bf6fa6f19a7457a774f255e1bc6247e6926a9d69d7631b832bf8e7e723"
"md","step-04-ux-alignment","bmm","bmm/workflows/3-solutioning/check-implementation-readiness/steps/step-04-ux-alignment.md","d2e15adf2aecc2c72f9bb9051e94042fc522fd7cfb16376f41bdcdd294319703"
"md","step-05-adversarial-review","bmm","bmm/workflows/bmad-quick-flow/quick-dev/steps/step-05-adversarial-review.md","310bebff807efed4523acf507cfe98ff9bead3965627f969585ba8c12326d93f"
"md","step-05-competitive-analysis","bmm","bmm/workflows/1-analysis/research/market-steps/step-05-competitive-analysis.md","ff6f606a80ffaf09aa325e38a4ceb321b97019e6542241b2ed4e8eb38b35efa8"
"md","step-05-domain","bmm","bmm/workflows/2-plan-workflows/create-prd/steps-c/step-05-domain.md","af444794fffb622cd2d18604ed189cd2efe86c34626d16b5ac1c43b6c14ed551"
"md","step-05-epic-quality-review","bmm","bmm/workflows/3-solutioning/check-implementation-readiness/steps/step-05-epic-quality-review.md","e7fd60676d6ade485de77ce2dd4229811912594cb924d6c15bae5d9bdf105a7d"
"md","step-05-implementation-research","bmm","bmm/workflows/1-analysis/research/technical-steps/step-05-implementation-research.md","e2b8a2c79bcebadc85f3823145980fa47d7e7be8d1c112f686c6223c8c138608"
"md","step-05-inspiration","bmm","bmm/workflows/2-plan-workflows/create-ux-design/steps/step-05-inspiration.md","74ea94822de791eb24f2e2ca39c3acf01a98b2184f23b1c980e2ada6fd11ae5e"
"md","step-05-patterns","bmm","bmm/workflows/3-solutioning/create-architecture/steps/step-05-patterns.md","b6bbca68efc7ff66d2f0fc39d8219898c63fd9c0923cb020ad8ac0d469e6fcff"
"md","step-05-scope","bmm","bmm/workflows/1-analysis/create-product-brief/steps/step-05-scope.md","bd7f8878dd8058e1932151d8cbc468bfc2c6dadb0258d93ed967189d0629dff4"
"md","step-05-technical-trends","bmm","bmm/workflows/1-analysis/research/domain-steps/step-05-technical-trends.md","fd6c577010171679f630805eb76e09daf823c2b9770eb716986d01f351ce1fb4"
"md","step-06-complete","bmm","bmm/workflows/1-analysis/create-product-brief/steps/step-06-complete.md","6594a18f37063fcaa0341845df7e59c7bae9543eb4d32d4a3a8e5fdd77402972"
"md","step-06-design-system","bmm","bmm/workflows/2-plan-workflows/create-ux-design/steps/step-06-design-system.md","6e3ead73073ef51ac952f4cf9491635e5d6825525a4af5d5cbf6e2675db69404"
"md","step-06-final-assessment","bmm","bmm/workflows/3-solutioning/check-implementation-readiness/steps/step-06-final-assessment.md","813329a73f0e48374f337ec719e6b7715b95fb3ba43645143b882ea41acc4d91"
"md","step-06-innovation","bmm","bmm/workflows/2-plan-workflows/create-prd/steps-c/step-06-innovation.md","efdd55674bd8329a5d963396c841523d73ffebd168add77bc01425e478e22bc4"
"md","step-06-research-completion","bmm","bmm/workflows/1-analysis/research/market-steps/step-06-research-completion.md","30d5e14f39df193ebce952dfed2bd4009d68fe844e28ad3a29f5667382ebc6d2"
"md","step-06-research-synthesis","bmm","bmm/workflows/1-analysis/research/domain-steps/step-06-research-synthesis.md","4c7727b8d3c6272c1b2b84ea58a67fc86cafab3472c0caf54e8b8cee3fa411fc"
"md","step-06-research-synthesis","bmm","bmm/workflows/1-analysis/research/technical-steps/step-06-research-synthesis.md","1f12aaeccd2d3225608ba00117c567a2097d22d35a5ba7580b45fb9c0a1d2814"
"md","step-06-resolve-findings","bmm","bmm/workflows/bmad-quick-flow/quick-dev/steps/step-06-resolve-findings.md","e657af6e3687e15852c860f018b73aa263bdcf6b9d544771a8c0c715581a2c99"
"md","step-06-structure","bmm","bmm/workflows/3-solutioning/create-architecture/steps/step-06-structure.md","716819821cf7e2a6ce5852785e86e2c77c9f8d1d24e08b86889854365a78e552"
"md","step-07-defining-experience","bmm","bmm/workflows/2-plan-workflows/create-ux-design/steps/step-07-defining-experience.md","89964c435273a08b3065732a23bc0c3bc1290ac2ecd9339d9ff2eb6ecb890b06"
"md","step-07-project-type","bmm","bmm/workflows/2-plan-workflows/create-prd/steps-c/step-07-project-type.md","325e9853015fb844fc80c0b7c00526d0107dcae9a1bfe3b57d956940fc9e29ba"
"md","step-07-validation","bmm","bmm/workflows/3-solutioning/create-architecture/steps/step-07-validation.md","1305a67b660fcd61346de2bb8087547c8414f60381ba896762d71f6fa9cebeaf"
"md","step-08-complete","bmm","bmm/workflows/3-solutioning/create-architecture/steps/step-08-complete.md","b4dc514afd17e836458f6eb786318fdc2ecee1466c673eca4c800955ffae52e4"
"md","step-08-scoping","bmm","bmm/workflows/2-plan-workflows/create-prd/steps-c/step-08-scoping.md","8e043d237fb7d3af77b5375629dd4e47054832c98279024d66e090d48d766075"
"md","step-08-visual-foundation","bmm","bmm/workflows/2-plan-workflows/create-ux-design/steps/step-08-visual-foundation.md","8aee1183b3c0e5f379e2c20512665e06ef1189d357ac9a845e3616be35a79c47"
"md","step-09-design-directions","bmm","bmm/workflows/2-plan-workflows/create-ux-design/steps/step-09-design-directions.md","6ab5f1302ec43aed52f45a2842ae49dc4bd98b2d12109d5657c9f04e4b434f89"
"md","step-09-functional","bmm","bmm/workflows/2-plan-workflows/create-prd/steps-c/step-09-functional.md","13ced8348b8bb0b7cd88f0400b538fabbcb1fb3c23525bf4fffb7ca9f4c37c8c"
"md","step-10-nonfunctional","bmm","bmm/workflows/2-plan-workflows/create-prd/steps-c/step-10-nonfunctional.md","e37395a792ac3b81c635993c27748ebd6d781c755ed49e580cd7c78e5486a012"
"md","step-10-user-journeys","bmm","bmm/workflows/2-plan-workflows/create-ux-design/steps/step-10-user-journeys.md","30866f55e179d0985efcf57120e63dfbb1fa3ddb6fa9623c4ee0e0b9738f0467"
"md","step-11-component-strategy","bmm","bmm/workflows/2-plan-workflows/create-ux-design/steps/step-11-component-strategy.md","ed805fafa72fb703b1e89b3c59c0c2dbe99c3021e009858602a92cfb473727a6"
"md","step-11-polish","bmm","bmm/workflows/2-plan-workflows/create-prd/steps-c/step-11-polish.md","935655a256562b6b3420c091a56067c34c35819343a78927ca138c9ea8b92a97"
"md","step-12-complete","bmm","bmm/workflows/2-plan-workflows/create-prd/steps-c/step-12-complete.md","5443ef1e08c70fdd15092db6f65cb67fe2cded357ed1b5f4918398e404901bf8"
"md","step-12-ux-patterns","bmm","bmm/workflows/2-plan-workflows/create-ux-design/steps/step-12-ux-patterns.md","d9bfabc5322aca6e2ba512fa6b39bcdac885b8010dd8c4768c10e33524a04b08"
"md","step-13-responsive-accessibility","bmm","bmm/workflows/2-plan-workflows/create-ux-design/steps/step-13-responsive-accessibility.md","f9f2ae70026eb5524a372332632240cea765360ed90a47fea316a65cc3e0e7ce"
"md","step-14-complete","bmm","bmm/workflows/2-plan-workflows/create-ux-design/steps/step-14-complete.md","73cc7521dad3db2c730b06731a90df40016e67bdfefa6b6537a18d979c0f14df"
"md","step-e-01-discovery","bmm","bmm/workflows/2-plan-workflows/create-prd/steps-e/step-e-01-discovery.md","2bc88c9480ac5986c06672533ab2080b1ee01086033c8e441a8c80551c8a99ee"
"md","step-e-01b-legacy-conversion","bmm","bmm/workflows/2-plan-workflows/create-prd/steps-e/step-e-01b-legacy-conversion.md","e6bbe9020e6986a620fc0299a48e6c31c9d1ec14691df11be71baeb79837bc92"
"md","step-e-02-review","bmm","bmm/workflows/2-plan-workflows/create-prd/steps-e/step-e-02-review.md","b2660d88a445dc3f8f168f96ca92d4a1a36949e3b39fbf6cda5c77129636d9b1"
"md","step-e-03-edit","bmm","bmm/workflows/2-plan-workflows/create-prd/steps-e/step-e-03-edit.md","dfcc3e4f0b1ec050d4985af04dc02b28174a995e95327ca01ae4b8cac10cc1e5"
"md","step-e-04-complete","bmm","bmm/workflows/2-plan-workflows/create-prd/steps-e/step-e-04-complete.md","a1100f8639120311cbaf5a5a880db4e137216bc4bd0110b0926004107a99d3c3"
"md","step-v-01-discovery","bmm","bmm/workflows/2-plan-workflows/create-prd/steps-v/step-v-01-discovery.md","bd3353377451ab6ebffdb94895c4e089fb2e5dce4ecb33c5b69f42f71022ea1f"
"md","step-v-02-format-detection","bmm","bmm/workflows/2-plan-workflows/create-prd/steps-v/step-v-02-format-detection.md","251ea5a1cf7779db2dc39d5d8317976a27f84b421359c1974ae96c0943094341"
"md","step-v-02b-parity-check","bmm","bmm/workflows/2-plan-workflows/create-prd/steps-v/step-v-02b-parity-check.md","3481beae212bb0140c105d0ae87bb9714859c93a471048048512fd1278da2fcd"
"md","step-v-03-density-validation","bmm","bmm/workflows/2-plan-workflows/create-prd/steps-v/step-v-03-density-validation.md","5b95ecd032fb65f86b7eee7ce7c30c997dc2a8b5e4846d88c2853538591a9e40"
"md","step-v-04-brief-coverage-validation","bmm","bmm/workflows/2-plan-workflows/create-prd/steps-v/step-v-04-brief-coverage-validation.md","97eb248c7d67e6e5121dd0b020409583998fba433799ea4c5c8cb40c7ff9c7c1"
"md","step-v-05-measurability-validation","bmm","bmm/workflows/2-plan-workflows/create-prd/steps-v/step-v-05-measurability-validation.md","2f331ee6d4f174dec0e4b434bf7691bfcf3a13c6ee0c47a65989badaa6b6a28c"
"md","step-v-06-traceability-validation","bmm","bmm/workflows/2-plan-workflows/create-prd/steps-v/step-v-06-traceability-validation.md","970ea67486211a611a701e1490ab7e8f2f98060a9f78760b6ebfdb9f37743c74"
"md","step-v-07-implementation-leakage-validation","bmm","bmm/workflows/2-plan-workflows/create-prd/steps-v/step-v-07-implementation-leakage-validation.md","f75d1d808fdf3d61b15bea55418b82df747f45902b6b22fe541e83b4ea3fa465"
"md","step-v-08-domain-compliance-validation","bmm","bmm/workflows/2-plan-workflows/create-prd/steps-v/step-v-08-domain-compliance-validation.md","a1902baaf4eaaf946e5c2c2101a1ac46f8ee4397e599218b8dc030cd00c97512"
"md","step-v-09-project-type-validation","bmm","bmm/workflows/2-plan-workflows/create-prd/steps-v/step-v-09-project-type-validation.md","d53e95264625335184284d3f9d0fc6e7674f67bdf97e19362fc33df4bea7f096"
"md","step-v-10-smart-validation","bmm","bmm/workflows/2-plan-workflows/create-prd/steps-v/step-v-10-smart-validation.md","22d48a72bc599f45bbf8c3e81d651d3a1265a6450866c0689bf287f43d7874a4"
"md","step-v-11-holistic-quality-validation","bmm","bmm/workflows/2-plan-workflows/create-prd/steps-v/step-v-11-holistic-quality-validation.md","1022a1454aadff28e39fd5fa71dd76d8eefccfe438b9ef517a19b44d935c0f5b"
"md","step-v-12-completeness-validation","bmm","bmm/workflows/2-plan-workflows/create-prd/steps-v/step-v-12-completeness-validation.md","c966933a0ca3753db75591325cef4d4bdaf9639a1a63f9438758d32f7e1a1dda"
"md","step-v-13-report-complete","bmm","bmm/workflows/2-plan-workflows/create-prd/steps-v/step-v-13-report-complete.md","9184ef4045829406323c714044ca9c70152ad425e559019633b13829434f6378"
"md","tech-spec-template","bmm","bmm/workflows/bmad-quick-flow/quick-spec/tech-spec-template.md","6e0ac4991508fec75d33bbe36197e1576d7b2a1ea7ceba656d616e7d7dadcf03"
"md","template","bmm","bmm/workflows/4-implementation/create-story/template.md","29ba697368d77e88e88d0e7ac78caf7a78785a7dcfc291082aa96a62948afb67"
"md","ux-design-template","bmm","bmm/workflows/2-plan-workflows/create-ux-design/ux-design-template.md","ffa4b89376cd9db6faab682710b7ce755990b1197a8b3e16b17748656d1fca6a"
"md","workflow","bmm","bmm/workflows/1-analysis/create-product-brief/workflow.md","5858d72a2fd8010a40d86d7e7581e44af9eb3432f13a236575035a21807e755a"
"md","workflow","bmm","bmm/workflows/2-plan-workflows/create-ux-design/workflow.md","10ffb0f43a4e204ecd1a67bf5bff52d6929847651ad096bbe833cf1f0eb198c5"
"md","workflow","bmm","bmm/workflows/3-solutioning/check-implementation-readiness/workflow.md","ddfe66e2ced3a092d0be1606d36c5eb9610602e939059c902b22da1aa202e904"
"md","workflow","bmm","bmm/workflows/3-solutioning/create-architecture/workflow.md","ad930c2c9b991fb56f0d04cfdbc69d04bffd5df2c515ca570ad7d388f56a055c"
"md","workflow","bmm","bmm/workflows/3-solutioning/create-epics-and-stories/workflow.md","d40eb6e04de52d4265af460322a9487bb2c241453b0a59940e1bb04836a7ba65"
"md","workflow","bmm","bmm/workflows/bmad-quick-flow/quick-dev/workflow.md","2f2b404184346494cb769b36aab2872b0b9aaaad38057d42a7702cf6c5110501"
"md","workflow","bmm","bmm/workflows/bmad-quick-flow/quick-spec/workflow.md","57125255ac43c2ccaa421b6334ee1c5362db140e408a7d94be6e32d4c2e6cc47"
"md","workflow","bmm","bmm/workflows/generate-project-context/workflow.md","0da857be1b7fb46fc29afba22b78a8b2150b17db36db68fd254ad925a20666aa"
"md","workflow-create-prd","bmm","bmm/workflows/2-plan-workflows/create-prd/workflow-create-prd.md","2331a3f02fd4bc3628e3bb1684645e8392a77e8b5b9f918e55554616a2bfe06b"
"md","workflow-domain-research","bmm","bmm/workflows/1-analysis/research/workflow-domain-research.md","137509e99ad4b11c391ebe87832d4820c46da75ed8570dd5b5a71f4372b75c73"
"md","workflow-edit-prd","bmm","bmm/workflows/2-plan-workflows/create-prd/workflow-edit-prd.md","e433664058429f54b49237ad7b2eba43fb115b8b9c68c87846f9523405ac73ef"
"md","workflow-market-research","bmm","bmm/workflows/1-analysis/research/workflow-market-research.md","2798d9cbeab426df7f2bcc228771fc5d5e1a58302eef769e2bbd36ce7d7f43e4"
"md","workflow-technical-research","bmm","bmm/workflows/1-analysis/research/workflow-technical-research.md","16974efc305ab195209232eea5e7ab828df2c6244b8c2ba7ca4a517e90b38b64"
"md","workflow-validate-prd","bmm","bmm/workflows/2-plan-workflows/create-prd/workflow-validate-prd.md","149cd27aef9df5b5d7bb7c94b3b7d077aba1a17dc647de673d60da15ddc62539"
"xml","instructions","bmm","bmm/workflows/4-implementation/code-review/instructions.xml","1a6f0ae7d69a5c27b09de3efab2b205a007b466976acdeeaebf7f3abec7feb68"
"xml","instructions","bmm","bmm/workflows/4-implementation/create-story/instructions.xml","d4edc80bd7ccc0f7a844ecb575016b79380e255a236d1182f5f7312a104f0e3a"
"xml","instructions","bmm","bmm/workflows/4-implementation/dev-story/instructions.xml","b177c039072ad5e8a54374e6a17a2074dd608fd4da047bef528e362919a0fde8"
"yaml","config","bmm","bmm/config.yaml","431223cabe103b832b168d6269e27574c082132cf1e4e36ee1f0c7e405770c4b"
"yaml","deep-dive","bmm","bmm/workflows/document-project/workflows/deep-dive.yaml","efa8d70a594b7580f5312340f93da16f9e106419b1b1d06d2e23d6a30ef963fa"
"yaml","full-scan","bmm","bmm/workflows/document-project/workflows/full-scan.yaml","9d71cce37de1c3f43a7122f3c9705abdf3d677141698a2ab1b89a225f78f3fa9"
"yaml","sprint-status-template","bmm","bmm/workflows/4-implementation/sprint-planning/sprint-status-template.yaml","0d7fe922f21d4f00e538c265ff90e470c3e2eca761e663d84b7a1320b2f25980"
"yaml","team-fullstack","bmm","bmm/teams/team-fullstack.yaml","da8346b10dfad8e1164a11abeb3b0a84a1d8b5f04e01e8490a44ffca477a1b96"
"yaml","workflow","bmm","bmm/workflows/4-implementation/code-review/workflow.yaml","a431060bb5069fb2abe6dac53f2b9bb9ed154319b874cd00f8b5face0496073e"
"yaml","workflow","bmm","bmm/workflows/4-implementation/correct-course/workflow.yaml","db0da2523bdef2fb7cecb9d26fc2795370a0e83eb3a73dd5f871c1a8e8f667b2"
"yaml","workflow","bmm","bmm/workflows/4-implementation/create-story/workflow.yaml","c1f1a56a1a485f24c3b8cadd9f583cc684a60e2219b4fc173724b366d7cfd1ad"
"yaml","workflow","bmm","bmm/workflows/4-implementation/dev-story/workflow.yaml","5675197327e95be199e42d19a7361e529f86e7e067cebd359a40532555650db3"
"yaml","workflow","bmm","bmm/workflows/4-implementation/retrospective/workflow.yaml","4e93ddc82ea0e875894ec27564b97970b57f6bfe29e257ada8fa628d8a579002"
"yaml","workflow","bmm","bmm/workflows/4-implementation/sprint-planning/workflow.yaml","efe6ef312dfc9b92a5837f2cf74bcd0b52cd5a1a171067d530934c5f6b42ed57"
"yaml","workflow","bmm","bmm/workflows/4-implementation/sprint-status/workflow.yaml","391bb9c265cb930654b06948c442101bc3def3fdc880b8481773a51a17d5d989"
"yaml","workflow","bmm","bmm/workflows/document-project/workflow.yaml","0c8f6ed05c48ec69b7ebb1cfe3acda65c6480abb082d6dbd7696405978127b91"
"yaml","workflow","bmm","bmm/workflows/qa/automate/workflow.yaml","71503c95c1dddd963cc689d6cbeb38d9cacdbc747a5467f1c933394548c34cc0"
"csv","default-party","cis","cis/teams/default-party.csv","e27e5a0480f41760da2fde5aeeccd425dae9c4a654105aab329ee1562cc83392"
"csv","design-methods","cis","cis/workflows/design-thinking/design-methods.csv","97a1fa87aaa355ce855c2c4e3bbfde59cb4ed2166cf9896496af786f10c13459"
"csv","innovation-frameworks","cis","cis/workflows/innovation-strategy/innovation-frameworks.csv","bd1d191062302353d2562a54751f8f263ce47e143202e2c0fe41315c2be9eb95"
"csv","module-help","cis","cis/module-help.csv","b55259cda5cc5d3facb33d673c783bd188500410ed1042bd792951760998cc63"
"csv","solving-methods","cis","cis/workflows/problem-solving/solving-methods.csv","f3a380b12b21ec2410d1ac44bc8ca1970b0a04a21bfe3dd0370ac7ed1ec0d2c0"
"csv","story-types","cis","cis/workflows/storytelling/story-types.csv","8cf3d49d3ce771f30b6d9c0c936d35f92b8af23e0962c876df832c02d605f1ce"
"md","instructions","cis","cis/workflows/design-thinking/instructions.md","b0a3e02f516bebe0144584ca78bb265cadc1bf2d693da945056117aaf58db5d2"
"md","instructions","cis","cis/workflows/innovation-strategy/instructions.md","bbcf33febc8d0c955a0e6b33ae36dbcbb20f98133183f870c7aae44678248859"
"md","instructions","cis","cis/workflows/problem-solving/instructions.md","5c215099daea5a941aacc32bb5e554f03ce6a08ca5d6ad134ad1de82cb9df59e"
"md","instructions","cis","cis/workflows/storytelling/instructions.md","1856d7f9ea7ec859c188630a6fafbccaaa05e9c8ea5463668842cc74a00d5c7e"
"md","README","cis","cis/workflows/design-thinking/README.md","c6eab6e3fe96a97731cc2b7d8d6ea20f5a9664d19f03fc5b2b34e1ac8952142e"
"md","README","cis","cis/workflows/innovation-strategy/README.md","88ab818502bf35c3e99eb8e277aa10244834b013913ecebd1de1449e54944650"
"md","README","cis","cis/workflows/problem-solving/README.md","1eb1bb254b197817249d53af6241cc8af5d9b324e6420eecb53c646ac1ffff8f"
"md","README","cis","cis/workflows/README.md","0488dc66b7b67b400289634b1a2f6acd10f87614fa3473b417ecb9f4c7e152a7"
"md","README","cis","cis/workflows/storytelling/README.md","c82b12133c5057c546c96432d574aa035ab1446178f9c64d247cdda9e1e2bfe4"
"md","template","cis","cis/workflows/design-thinking/template.md","7bcf6d0cd09de3c0d91f3f49ee280177365dabb64ed814b97e83e73082643c37"
"md","template","cis","cis/workflows/innovation-strategy/template.md","ab574d69fa13e21c806101a9089563b541013f6df44255d800ea24d4cb6d7136"
"md","template","cis","cis/workflows/problem-solving/template.md","c46fbdf42a1d9ad732f562e4add05020198ffc7ba18d134718e1cd960752c390"
"md","template","cis","cis/workflows/storytelling/template.md","290615dbd530dc13843a87ebedd107b390bcfd57cf68df67cd250dea8f49b2dd"
"yaml","config","cis","cis/config.yaml","fc120210cc8cb113ac9340dde58fea1d7290f09e4bbea7f989a40ecce514734b"
"yaml","creative-squad","cis","cis/teams/creative-squad.yaml","5e1033c95a9679e2f8688be4409104aa0b98c6503abb0512447b6d7541dd4f61"
"yaml","workflow","cis","cis/workflows/design-thinking/workflow.yaml","10d06df36d9c210430d6415c758c3b125288da0604d05e9b907ada2cf1170233"
"yaml","workflow","cis","cis/workflows/innovation-strategy/workflow.yaml","79ff4aa210bc706974b78f037d22e9743c2cbe1a9a4d0837e9e6bcab6fc94563"
"yaml","workflow","cis","cis/workflows/problem-solving/workflow.yaml","6dc8ad738218c9f4e4490ab8e57017d1618ab0a2140a3f246f04fe22b31755a4"
"yaml","workflow","cis","cis/workflows/storytelling/workflow.yaml","d78ef4eecb82a24142eb8ebef031830c1029b1e646f09eb7a414c70f2e267fea"
"csv","brain-methods","core","core/workflows/brainstorming/brain-methods.csv","0ab5878b1dbc9e3fa98cb72abfc3920a586b9e2b42609211bb0516eefd542039"
"csv","methods","core","core/workflows/advanced-elicitation/methods.csv","e08b2e22fec700274982e37be608d6c3d1d4d0c04fa0bae05aa9dba2454e6141"
"csv","module-help","core","core/module-help.csv","4227d475748e8067aeae3e1a67d7b6235c109da13b2ef9131db930083dcb348d"
"md","help","core","core/tasks/help.md","950439aaff47aa25f94ede360ce8f8a47bf29c52b7f19c76a45960e8687fe726"
"md","step-01-agent-loading","core","core/workflows/party-mode/steps/step-01-agent-loading.md","04ab6b6247564f7edcd5c503f5ca7d27ae688b09bbe2e24345550963a016e9f9"
"md","step-01-session-setup","core","core/workflows/brainstorming/steps/step-01-session-setup.md","bc09cc22a0465b316ff3c13903b753768fa31d83abd3f9fc328631db63dc0cf8"
"md","step-01b-continue","core","core/workflows/brainstorming/steps/step-01b-continue.md","d76a406e0ff0a0e58006ec671b56f19a059e98cfebba4c0724ae6ccdd9303e7f"
"md","step-02-discussion-orchestration","core","core/workflows/party-mode/steps/step-02-discussion-orchestration.md","a8a79890bd03237e20f1293045ecf06f9a62bc590f5c2d4f88e250cee40abb0b"
"md","step-02a-user-selected","core","core/workflows/brainstorming/steps/step-02a-user-selected.md","558b162466745b92687a5d6e218f243a98436dd177b2d5544846c5ff4497cc94"
"md","step-02b-ai-recommended","core","core/workflows/brainstorming/steps/step-02b-ai-recommended.md","99aa935279889f278dcb2a61ba191600a18e9db356dd8ce62f0048d3c37c9531"
"md","step-02c-random-selection","core","core/workflows/brainstorming/steps/step-02c-random-selection.md","f188c260c321c7f026051fefcd267a26ee18ce2a07f64bab7f453c0c3e483316"
"md","step-02d-progressive-flow","core","core/workflows/brainstorming/steps/step-02d-progressive-flow.md","a28c7a3edf34ceb0eea203bf7dc80f39ca04974f6d1ec243f0a088281b2e55de"
"md","step-03-graceful-exit","core","core/workflows/party-mode/steps/step-03-graceful-exit.md","bdecc33004d73238ca05d8fc9d6b86cba89833630956f53ecd82ec3715c5f0da"
"md","step-03-technique-execution","core","core/workflows/brainstorming/steps/step-03-technique-execution.md","9e6abceec5f774c57cd5205e30a1f24a95441131dbffcae9c3dce72111f95ceb"
"md","step-04-idea-organization","core","core/workflows/brainstorming/steps/step-04-idea-organization.md","5224490c33bf4b23b2897f3bcf12abe0b1ced306541dd60c21df0ce9fc65d1ac"
"md","template","core","core/workflows/brainstorming/template.md","5c99d76963eb5fc21db96c5a68f39711dca7c6ed30e4f7d22aedee9e8bb964f9"
"md","workflow","core","core/workflows/brainstorming/workflow.md","7d7f957ccd176faed2551e3089abfa49032963e980b5643d9384690af3d61203"
"md","workflow","core","core/workflows/party-mode/workflow.md","f8537e152df8db331d86e2a37e5ced55bccff3a71e290f82eb754d28c0c9ec08"
"xml","editorial-review-prose","core","core/tasks/editorial-review-prose.xml","49f462ddc5f20a6e2abf14e4b8f3a25c70885c6a6d776ef4674739dd7880988a"
"xml","editorial-review-structure","core","core/tasks/editorial-review-structure.xml","307edce94877dacdaafb10f7ea39115944c7d19e57228a7859abf2fee8b1a177"
"xml","index-docs","core","core/tasks/index-docs.xml","90076db678b1d65b4dd8b166731584fafc68e660e5015f309a1c78aae6e25a28"
"xml","review-adversarial-general","core","core/tasks/review-adversarial-general.xml","347436fde09411caaab10ff97e4cbd2bfef31dbe9f8db9e0eb49c3ed361ede7b"
"xml","shard-doc","core","core/tasks/shard-doc.xml","947f2c7d4f6bb269ad0bcc1a03227d0d6da642d9df47894b8ba215c5149aed3d"
"xml","workflow","core","core/tasks/workflow.xml","17bca7fa63bae20aaac4768d81463a7a2de7f80b60d4d9a8f36b70821ba86cfd"
"xml","workflow","core","core/workflows/advanced-elicitation/workflow.xml","ead4dc1e50c95d8966b3676842a57fca97c70d83f1f3b9e9c2d746821e6868b4"
"yaml","config","core","core/config.yaml","066c648daf1b8320ef2ce73d8803f2d2ed4c0b7364e090ea6e3de76fa5451ca0"
"csv","default-party","tea","tea/teams/default-party.csv","57d37bcec4ae7ba568ec34d1c092b26eba461b1c5c44e43ac6fe82774e13f3fd"
"csv","module-help","tea","tea/module-help.csv","d4db2d56b8d1b2a1d5176c725909deb560675ad38d85348407ed448774bac6d8"
"csv","tea-index","tea","tea/testarch/tea-index.csv","53f166d4f4051ae8bea552ba994a44732c8eabfe84a31b04d4382bb77f661859"
"groovy","jenkins-pipeline-template","tea","tea/workflows/testarch/ci/jenkins-pipeline-template.groovy","ae865401625d2d20b9396d41e333f39bc167967e1949761301e551131c4c7958"
"md","adr-quality-readiness-checklist","tea","tea/testarch/knowledge/adr-quality-readiness-checklist.md","34bf3460bd3218ce00efc148137f2dc67dfac2d69215c362978ca688e2fe4420"
"md","api-request","tea","tea/testarch/knowledge/api-request.md","ec62463549c406685beec789c6e363a88bcf4b082eb1ea79a071d57d5bd32a9c"
"md","api-testing-patterns","tea","tea/testarch/knowledge/api-testing-patterns.md","b9f90153a17cd5a1545a8693aff5088dd3c0261baf9a710f342cf3e62b60913c"
"md","atdd-checklist-template","tea","tea/workflows/testarch/atdd/atdd-checklist-template.md","e10b32ae4eba5c50754306bdbf49b822a279b9385c47b5e0e00f86241a655415"
"md","auth-session","tea","tea/testarch/knowledge/auth-session.md","52c284351bff80dfd76823164065e11a8e64ebe9852d56aff9f5cc6c5daf91a8"
"md","burn-in","tea","tea/testarch/knowledge/burn-in.md","e2d9e0f3a1072f24f07d0dc555af1e2e7c632257acf9bc9f957aba33e70483ec"
"md","certificate-template","tea","tea/workflows/testarch/teach-me-testing/templates/certificate-template.md","402b87fe37cf60b79fb814ef95aba249fed1ee54fdc1f14b48cdcbacfb748b43"
"md","checklist","tea","tea/workflows/testarch/atdd/checklist.md","a33a144d331e642a1d514a9485bc820832b7e2e913ec0de8a72e5afa88bcde5b"
"md","checklist","tea","tea/workflows/testarch/automate/checklist.md","22dda65506b9eff42de5222cfe00aed62aaca9734075c15f7d0cc0e7d3f16629"
"md","checklist","tea","tea/workflows/testarch/ci/checklist.md","22683a1220235db03f342b2c06acafaacf21b05ea91d0d7c25d1f94b0b4ae0fb"
"md","checklist","tea","tea/workflows/testarch/framework/checklist.md","fbfa7ae9340fc0e53633dedcf119cab92bb5e493771da1f7509a37029816c1ef"
"md","checklist","tea","tea/workflows/testarch/nfr-assess/checklist.md","e37368b559bcafcac645d150f3202dd8ac2f067c8186ef6f51bc3a5716187642"
"md","checklist","tea","tea/workflows/testarch/teach-me-testing/checklist.md","1307c206819ba4be6fea4d020a71e1288e8f65cbd7c12ea3e8295c09562a0502"
"md","checklist","tea","tea/workflows/testarch/test-design/checklist.md","634e48394ca367e2438d1fc72acf2bda941ce6a581335b6d02c270948e58f193"
"md","checklist","tea","tea/workflows/testarch/test-review/checklist.md","7b5abe644e04659a1f77a1294d899e532b21a702da049e08b8f4a2c23fb8cf41"
"md","checklist","tea","tea/workflows/testarch/trace/checklist.md","a47a41d251c1c69531389954c35586e95d128c152c4527abc1b0e7c4a46c2ffc"
"md","ci-burn-in","tea","tea/testarch/knowledge/ci-burn-in.md","ab44deb365af6f84960407ed9be6f8e6d98e8c5d038b89afa722b2c093d73cf6"
"md","component-tdd","tea","tea/testarch/knowledge/component-tdd.md","1acb4c48b2f924f60ed6784955597c17120466d5dc24d2e43e4b0a1bd0e61aae"
"md","contract-testing","tea","tea/testarch/knowledge/contract-testing.md","1d90624821dc9cbbffe41567ec05045b3f5f634c5208ff0151e946520a3d484b"
"md","data-factories","tea","tea/testarch/knowledge/data-factories.md","c98dab79a9064d45402dbe0a5c25a1d82b53557c56e3f142023bf907e2b98d53"
"md","email-auth","tea","tea/testarch/knowledge/email-auth.md","1265f30cdd7b85f164769abf4f6ea86b6abec3acd90653e646a9c9ee17176963"
"md","error-handling","tea","tea/testarch/knowledge/error-handling.md","86c04dd03ff81340eb99bdfe200f8d6a51c99a2199fb80a0046f9cb312d7c440"
"md","feature-flags","tea","tea/testarch/knowledge/feature-flags.md","91d8753aaab3ae974ab9ab5a4651dd39e147fe5ac1b9e74620dd1901efc8e93f"
"md","file-utils","tea","tea/testarch/knowledge/file-utils.md","f348141dc7c2fd75712bdf0074ba292469dd54be20b786a893d21cd85a0f6f0e"
"md","fixture-architecture","tea","tea/testarch/knowledge/fixture-architecture.md","e578e2164ba7d60818a910242d9bc03413724bae3e8e5a5f03192b3c3076d83d"
"md","fixtures-composition","tea","tea/testarch/knowledge/fixtures-composition.md","5031a64c2b00784b9a0dcb18eaf2beb7f9a8a0d7727acfd0e27430b316e696f1"
"md","instructions","tea","tea/workflows/testarch/atdd/instructions.md","8afe2a249c2b6e594dc5285954d88fae456f3d3c4019239ed1cabca63f17a5d9"
"md","instructions","tea","tea/workflows/testarch/automate/instructions.md","4cad2ed5c4b29d975d556f5f42d7e7178588382458053f4e27bb3dab061a2ea5"
"md","instructions","tea","tea/workflows/testarch/ci/instructions.md","f37a3853d74bb2e83504e828074b03777c774f8b87f3885b974da50dea86a0a1"
"md","instructions","tea","tea/workflows/testarch/framework/instructions.md","dc35500b512ba3cdce4a7dfb2761c67fe4e124f8a543d23d895a9662c08cffb5"
"md","instructions","tea","tea/workflows/testarch/nfr-assess/instructions.md","f5bbc4181d710b735eb220af1981c9f955ee2bc27508f8c264058facc874f961"
"md","instructions","tea","tea/workflows/testarch/teach-me-testing/instructions.md","2a5782a223f4b881b7a8f89f275dac5894324512238292b52d7c0a451a82e10b"
"md","instructions","tea","tea/workflows/testarch/test-design/instructions.md","359f0339b45535d6769cb51a65915f49d8422618d3d2b660770b4e962f03f6e3"
"md","instructions","tea","tea/workflows/testarch/test-review/instructions.md","ac68ef8147c91030f4d9684042f8f432bdee3566a0af642a9a05f06323f62f97"
"md","instructions","tea","tea/workflows/testarch/trace/instructions.md","1445c1dfde40e512bd7c7bfa0eb42a418ccee7dd2efe379a777cc2934aa834e4"
"md","intercept-network-call","tea","tea/testarch/knowledge/intercept-network-call.md","47c84d6091054f576a190b01b985ed5914880cd6a9c728458a3812c67185f268"
"md","log","tea","tea/testarch/knowledge/log.md","76966ff3bd15e5afa47ab71decc1b7c0a65f7ea7751ac5a9196ba3c0e9e0e6cb"
"md","network-error-monitor","tea","tea/testarch/knowledge/network-error-monitor.md","4c517d05583bac0fb4b92413b4daee814c87de37ca41f39149864f688c25f67c"
"md","network-first","tea","tea/testarch/knowledge/network-first.md","257fe61ec77020d024f7ddf4f6c5c965f6c4632a469d942278c7337abc8621b7"
"md","network-recorder","tea","tea/testarch/knowledge/network-recorder.md","83eb1fb219d0d7025be42b9e22ce801eb4be6b3eaae7cb310332d1531ae71093"
"md","nfr-criteria","tea","tea/testarch/knowledge/nfr-criteria.md","5d5f9acfeb6a98f2ef7ee8707bbac3ab37d9c191c443c1e944dee70cf3f9963a"
"md","nfr-report-template","tea","tea/workflows/testarch/nfr-assess/nfr-report-template.md","2ea61f39299a1c8a52e053721f57deb0bd054bd6e75c6e21fe9d2b5c5f4d21ec"
"md","overview","tea","tea/testarch/knowledge/overview.md","e6f089b21845958d6dfc5cdce0328b05b0f8b9a5e4f3909da663e09668c56001"
"md","playwright-cli","tea","tea/testarch/knowledge/playwright-cli.md","63bab2ba4444ac43d5105273aafdfd6e114ac57f37c9e830fc6c09ff22bc843e"
"md","playwright-config","tea","tea/testarch/knowledge/playwright-config.md","0aad9401ce1f701925ba05f9bf6ff66c13fdf5d797593486de9d0e74a74cf9cd"
"md","probability-impact","tea","tea/testarch/knowledge/probability-impact.md","c582f4e681758b8c84ca2de003aa7133913326ac2c398b6c0e802914919b8333"
"md","README","tea","tea/workflows/testarch/README.md","5a1f65317d7620bb2d3f34bbe1dea4f09f276c50ab09491009668970ab412687"
"md","recurse","tea","tea/testarch/knowledge/recurse.md","758e81e7d8feb48c707fba65dade45d9bb93afc06d35ec54469af2af62980960"
"md","risk-governance","tea","tea/testarch/knowledge/risk-governance.md","970d014bb18d273f36bd16f4f2faa4ecae653b54928eddb473a499954ed9c074"
"md","selective-testing","tea","tea/testarch/knowledge/selective-testing.md","abe5316924696e5a7dbb68a345b01072ca13894c8d09cd5f77bfe509a7276b5b"
"md","selector-resilience","tea","tea/testarch/knowledge/selector-resilience.md","27017332dd7d25c86ef39bbf8aec4ace89ee05bed56b6fdae639078c9e725d15"
"md","session-notes-template","tea","tea/workflows/testarch/teach-me-testing/templates/session-notes-template.md","e22954ab5200bd31dbe4f458746f854fe83a4bdbf848254da71650d6d94e4869"
"md","step-01-assess","tea","tea/workflows/testarch/atdd/steps-e/step-01-assess.md","0da7cee58c923708334665bdaf5b50b4f0c6f9276b44fd6864d604809ed8db08"
"md","step-01-assess","tea","tea/workflows/testarch/automate/steps-e/step-01-assess.md","0da7cee58c923708334665bdaf5b50b4f0c6f9276b44fd6864d604809ed8db08"
"md","step-01-assess","tea","tea/workflows/testarch/ci/steps-e/step-01-assess.md","0da7cee58c923708334665bdaf5b50b4f0c6f9276b44fd6864d604809ed8db08"
"md","step-01-assess","tea","tea/workflows/testarch/framework/steps-e/step-01-assess.md","0da7cee58c923708334665bdaf5b50b4f0c6f9276b44fd6864d604809ed8db08"
"md","step-01-assess","tea","tea/workflows/testarch/nfr-assess/steps-e/step-01-assess.md","0da7cee58c923708334665bdaf5b50b4f0c6f9276b44fd6864d604809ed8db08"
"md","step-01-assess","tea","tea/workflows/testarch/test-design/steps-e/step-01-assess.md","0da7cee58c923708334665bdaf5b50b4f0c6f9276b44fd6864d604809ed8db08"
"md","step-01-assess","tea","tea/workflows/testarch/test-review/steps-e/step-01-assess.md","0da7cee58c923708334665bdaf5b50b4f0c6f9276b44fd6864d604809ed8db08"
"md","step-01-assess","tea","tea/workflows/testarch/trace/steps-e/step-01-assess.md","0da7cee58c923708334665bdaf5b50b4f0c6f9276b44fd6864d604809ed8db08"
"md","step-01-detect-mode","tea","tea/workflows/testarch/test-design/steps-c/step-01-detect-mode.md","9d3c4f94dd9765b930260a2a12b0c2f0d21913579b6389b4f713fab4e07d2c67"
"md","step-01-init","tea","tea/workflows/testarch/teach-me-testing/steps-c/step-01-init.md","2ab1093556d719fb69a573a9c5dc855ca252776a0f0513fba56c9a93bc790ab8"
"md","step-01-load-context","tea","tea/workflows/testarch/nfr-assess/steps-c/step-01-load-context.md","468400ade8aafd74ad0b45bd9be0c29e3cea31750160ca6adc34f12c0d22630a"
"md","step-01-load-context","tea","tea/workflows/testarch/test-review/steps-c/step-01-load-context.md","b18906417f0a5ea5f5b66ecce1a396a9383b2d593f4435ff185227eb28ce00c4"
"md","step-01-load-context","tea","tea/workflows/testarch/trace/steps-c/step-01-load-context.md","bd620269796a591fb28060523ab072940e60184ed01dda5cab2910720f1a4a0b"
"md","step-01-preflight","tea","tea/workflows/testarch/ci/steps-c/step-01-preflight.md","d6fbec1390c6dd2fc49b4cb02eac04bbf9652e1d13741657fd4f4babb1eb1b4b"
"md","step-01-preflight","tea","tea/workflows/testarch/framework/steps-c/step-01-preflight.md","5c47a9122b34e7c3aefa625a90b016ad825cecd0185574cfb30ab6742c5f02b7"
"md","step-01-preflight-and-context","tea","tea/workflows/testarch/atdd/steps-c/step-01-preflight-and-context.md","144898ae71484603eeffbae26fac09435fc21dab4d63137536bf9e308f7659f6"
"md","step-01-preflight-and-context","tea","tea/workflows/testarch/automate/steps-c/step-01-preflight-and-context.md","0f67dfce06f8267a4ef40192b51a4b6f98db59e1b13ae6166039b3e9f9f0a612"
"md","step-01-validate","tea","tea/workflows/testarch/atdd/steps-v/step-01-validate.md","fb607dc904d4444956825b07145cf84d553948b39649e8bcdec2d7021473f5ce"
"md","step-01-validate","tea","tea/workflows/testarch/automate/steps-v/step-01-validate.md","82e552d7d0b259ae02e4006e05531f0e0865852ece082e5db2bb4197f34bbea7"
"md","step-01-validate","tea","tea/workflows/testarch/ci/steps-v/step-01-validate.md","b12a9c6a740347562d5b2830d370100f32cd6d3fe570358de1c3941120876ca0"
"md","step-01-validate","tea","tea/workflows/testarch/framework/steps-v/step-01-validate.md","cbe878bd1c78da42bfb6e3655c8b53db1919c8c58c0d5c0c2ee8ae6ebed2ba80"
"md","step-01-validate","tea","tea/workflows/testarch/nfr-assess/steps-v/step-01-validate.md","403c66b27c0c754da67ee56f1ec626e2a777653c2f309a6bf4ac6fbe323a2fac"
"md","step-01-validate","tea","tea/workflows/testarch/test-design/steps-v/step-01-validate.md","dddd6dfde8240eccc74f05cefdf1189b3702ada7372968ba8e1a1675454b74df"
"md","step-01-validate","tea","tea/workflows/testarch/test-review/steps-v/step-01-validate.md","832c320ecc2bb2d7f1025ab155dc128593a4571051f15aaa23dbfbb57469d3bb"
"md","step-01-validate","tea","tea/workflows/testarch/trace/steps-v/step-01-validate.md","2b5da1036d9d2aedaf6b5476cd8d94aa22d86ff06a0fab06740aef908d86ed03"
"md","step-01b-continue","tea","tea/workflows/testarch/teach-me-testing/steps-c/step-01b-continue.md","cceaf696a390d43802a8155c50f65f47cb9885587199db910169beba41d31b45"
"md","step-01b-resume","tea","tea/workflows/testarch/atdd/steps-c/step-01b-resume.md","0012c1f398c03389c4c0b9833f1ef7bbbb59e886837d09160790757528d63a02"
"md","step-01b-resume","tea","tea/workflows/testarch/automate/steps-c/step-01b-resume.md","964342ec321adc0397ddbf51dd3c0e194b406b752d948ae9a115b5898c8b65e9"
"md","step-01b-resume","tea","tea/workflows/testarch/ci/steps-c/step-01b-resume.md","12de739385eaf55e31aaed64b8608324d3c6fd247f22378a630810cbace44798"
"md","step-01b-resume","tea","tea/workflows/testarch/framework/steps-c/step-01b-resume.md","25e2623397b2144f50bd0906186d72117a9c005e75583e0e3968111e3fdaef4b"
"md","step-01b-resume","tea","tea/workflows/testarch/nfr-assess/steps-c/step-01b-resume.md","43f7133fd110c9c8aa3edab7f02a344f08aaa7bcfd70ae8ed9803ff670dabc22"
"md","step-01b-resume","tea","tea/workflows/testarch/test-design/steps-c/step-01b-resume.md","490487dca414ed1a072acb0cc8f496d825b14dd3b06870823ee852d484c6f4fc"
"md","step-01b-resume","tea","tea/workflows/testarch/test-review/steps-c/step-01b-resume.md","9171e8dabce907994fd7181d3fa42364c661b53da3887bb8dc5930cca6534a86"
"md","step-01b-resume","tea","tea/workflows/testarch/trace/steps-c/step-01b-resume.md","e651392598418fdb754c6f709a9090290e3328599b02f61d7ef95ecf58836fc5"
"md","step-02-apply-edit","tea","tea/workflows/testarch/atdd/steps-e/step-02-apply-edit.md","1bab9f0a282b0706ae7f3fe866ae9743561d62e31b55ec71a3c8b8c805eb1b86"
"md","step-02-apply-edit","tea","tea/workflows/testarch/automate/steps-e/step-02-apply-edit.md","1bab9f0a282b0706ae7f3fe866ae9743561d62e31b55ec71a3c8b8c805eb1b86"
"md","step-02-apply-edit","tea","tea/workflows/testarch/ci/steps-e/step-02-apply-edit.md","1bab9f0a282b0706ae7f3fe866ae9743561d62e31b55ec71a3c8b8c805eb1b86"
"md","step-02-apply-edit","tea","tea/workflows/testarch/framework/steps-e/step-02-apply-edit.md","1bab9f0a282b0706ae7f3fe866ae9743561d62e31b55ec71a3c8b8c805eb1b86"
"md","step-02-apply-edit","tea","tea/workflows/testarch/nfr-assess/steps-e/step-02-apply-edit.md","1bab9f0a282b0706ae7f3fe866ae9743561d62e31b55ec71a3c8b8c805eb1b86"
"md","step-02-apply-edit","tea","tea/workflows/testarch/test-design/steps-e/step-02-apply-edit.md","1bab9f0a282b0706ae7f3fe866ae9743561d62e31b55ec71a3c8b8c805eb1b86"
"md","step-02-apply-edit","tea","tea/workflows/testarch/test-review/steps-e/step-02-apply-edit.md","1bab9f0a282b0706ae7f3fe866ae9743561d62e31b55ec71a3c8b8c805eb1b86"
"md","step-02-apply-edit","tea","tea/workflows/testarch/trace/steps-e/step-02-apply-edit.md","1bab9f0a282b0706ae7f3fe866ae9743561d62e31b55ec71a3c8b8c805eb1b86"
"md","step-02-assess","tea","tea/workflows/testarch/teach-me-testing/steps-c/step-02-assess.md","fc59314f431976a371ecf29dabc99684cec6a532e99a583b30419a5aa13b2a73"
"md","step-02-define-thresholds","tea","tea/workflows/testarch/nfr-assess/steps-c/step-02-define-thresholds.md","044f8ffec7060b5e2a9edd6a0a547e57f2f4cc6c01dd8bc603231ca66e31a82a"
"md","step-02-discover-tests","tea","tea/workflows/testarch/test-review/steps-c/step-02-discover-tests.md","3fbe737fc42d34ac6da4cedccba15f2b3173156b5e04054bca736ea62b9b1b8d"
"md","step-02-discover-tests","tea","tea/workflows/testarch/trace/steps-c/step-02-discover-tests.md","4e8d0acb418262b8be85a47604c097fcc9ba7338817ac2a93397544416790e1e"
"md","step-02-generate-pipeline","tea","tea/workflows/testarch/ci/steps-c/step-02-generate-pipeline.md","ca30cbba09521d6562f110a546921163146a61393d624660d59fa46eaf2deaf2"
"md","step-02-generation-mode","tea","tea/workflows/testarch/atdd/steps-c/step-02-generation-mode.md","9ee0e84f48025fb925d5a0a15f2325e7c4b9a9c5121119d0333c8688ddfec176"
"md","step-02-identify-targets","tea","tea/workflows/testarch/automate/steps-c/step-02-identify-targets.md","221ffc129ba42490a6cf30cdc49eb16657ed72d6ec04ec41c43aaa05aaeb467b"
"md","step-02-load-context","tea","tea/workflows/testarch/test-design/steps-c/step-02-load-context.md","816b6defff5d3c8ff9008fe35708d8c01a77e59b9fa3e395daaa799d939d794e"
"md","step-02-select-framework","tea","tea/workflows/testarch/framework/steps-c/step-02-select-framework.md","958ad94c65003793c20f6ecc0d9ced2b3f4ae3f3990332129dc8d8894fb41a54"
"md","step-03-configure-quality-gates","tea","tea/workflows/testarch/ci/steps-c/step-03-configure-quality-gates.md","681b5b9401c1d388b538aa0bd04b6e5af56b7e4a43f1d45ba0d76e01894b5a44"
"md","step-03-gather-evidence","tea","tea/workflows/testarch/nfr-assess/steps-c/step-03-gather-evidence.md","161b3d30ff4296c3097a55ebe62816dc3364961f9596aa69256369cecc34ee1d"
"md","step-03-generate-tests","tea","tea/workflows/testarch/automate/steps-c/step-03-generate-tests.md","c9e2bb36420e67775ac904c6daeefef3e7cac5555dc4a396ea07b56b503856b2"
"md","step-03-map-criteria","tea","tea/workflows/testarch/trace/steps-c/step-03-map-criteria.md","6c29e8d225accf4ab5dad033cb3f0a9e433234f4b029060adc2dfeccaaad69ff"
"md","step-03-quality-evaluation","tea","tea/workflows/testarch/test-review/steps-c/step-03-quality-evaluation.md","734ab4817bdd4992bac53ad378af5e8563bd5ccc5d88f68814ad69673b33246e"
"md","step-03-risk-and-testability","tea","tea/workflows/testarch/test-design/steps-c/step-03-risk-and-testability.md","bcc4e25eef2df5aea73fc1b1c38fe13e9754f24716bc6e5dfa69f88ad7777ca0"
"md","step-03-scaffold-framework","tea","tea/workflows/testarch/framework/steps-c/step-03-scaffold-framework.md","63fc2d4e23c33449e3102dbab3e3954d12a9b4aaafe5a08ee1a5cae1cf8caaaf"
"md","step-03-session-menu","tea","tea/workflows/testarch/teach-me-testing/steps-c/step-03-session-menu.md","c9b35b9645c500fd607679134875441b9eb940cbf5853931adeba92cc70d0c0a"
"md","step-03-test-strategy","tea","tea/workflows/testarch/atdd/steps-c/step-03-test-strategy.md","d3170c76f83388eb1ca483558c1475a33bcb33c5071747dc6b887919d1f5b1fe"
"md","step-03a-subprocess-api","tea","tea/workflows/testarch/automate/steps-c/step-03a-subprocess-api.md","626f7fe0f6d28889c856d40981bc4d3aa031fbbf67fe3ed696ccdfccda127ef3"
"md","step-03a-subprocess-determinism","tea","tea/workflows/testarch/test-review/steps-c/step-03a-subprocess-determinism.md","34424fb3b18b9d2d7e0670c7e61dea83219090b93a40d29984c534b124b1e612"
"md","step-03b-subprocess-backend","tea","tea/workflows/testarch/automate/steps-c/step-03b-subprocess-backend.md","0ec2055caf6236199d77fe87d8981c6a4c204b1a2ba7429bbecd7bf81942b4d4"
"md","step-03b-subprocess-e2e","tea","tea/workflows/testarch/automate/steps-c/step-03b-subprocess-e2e.md","b1b183c6959a740337b38e6f1811ef6c472c35555543e2c521a8eaa759762bdb"
"md","step-03b-subprocess-isolation","tea","tea/workflows/testarch/test-review/steps-c/step-03b-subprocess-isolation.md","c4a363e405bc4afafe77deb62157c90aca65d8713592628b2f80e384e396c242"
"md","step-03c-aggregate","tea","tea/workflows/testarch/automate/steps-c/step-03c-aggregate.md","42674d5c8e3fb186cfd1f40ee1dbb3c5563979351fd80ed7de0bdf3d01ca5533"
"md","step-03c-subprocess-maintainability","tea","tea/workflows/testarch/test-review/steps-c/step-03c-subprocess-maintainability.md","749e87b613fab9d7914446a42e018222bfc2b5edb05a63ec173f982425c3ebdd"
"md","step-03e-subprocess-performance","tea","tea/workflows/testarch/test-review/steps-c/step-03e-subprocess-performance.md","70bb92ab5e5e0a1058b8dc8f42e5062ab76c6d01500f585cf5f4f16d751249f6"
"md","step-03f-aggregate-scores","tea","tea/workflows/testarch/test-review/steps-c/step-03f-aggregate-scores.md","a0b64558ee8c0cdc9054b130027a4c15ef93fdace1ff97d58927419a74a78072"
"md","step-04-analyze-gaps","tea","tea/workflows/testarch/trace/steps-c/step-04-analyze-gaps.md","27c6eb47572f2f9fad8c710c9baed44fa8c53d8ed1c8c7be4e615612e1e4a951"
"md","step-04-coverage-plan","tea","tea/workflows/testarch/test-design/steps-c/step-04-coverage-plan.md","1abfc3750bd4d8c9a1c75ecb1fca1998f45b33d6b781751de8bc072b32c1ad65"
"md","step-04-docs-and-scripts","tea","tea/workflows/testarch/framework/steps-c/step-04-docs-and-scripts.md","a36e99ebc133e18f784d75d8f42109d019f2295eaf0315addb8a5726c7a61a48"
"md","step-04-evaluate-and-score","tea","tea/workflows/testarch/nfr-assess/steps-c/step-04-evaluate-and-score.md","347b500ee4592afdbf5aa66e5eab95f6537cefcea97c88cbd1bb1e46ccb909fd"
"md","step-04-generate-report","tea","tea/workflows/testarch/test-review/steps-c/step-04-generate-report.md","c60e9ba9ec233d56d0c572cf0e98bb7e46efea27ba5a29041c3a427712ddd003"
"md","step-04-generate-tests","tea","tea/workflows/testarch/atdd/steps-c/step-04-generate-tests.md","36211ae8b8f2c4ab52d997d90552520b0a921bc7d886cd8fd485623241396335"
"md","step-04-session-01","tea","tea/workflows/testarch/teach-me-testing/steps-c/step-04-session-01.md","abab7d84c5f1f5fe0b5935a77629056adf3ae1604a4df453bfc0a51ba1304647"
"md","step-04-session-02","tea","tea/workflows/testarch/teach-me-testing/steps-c/step-04-session-02.md","e9a544982a4735413ecd579ce2989497f7f7a8767f78fc85f9a78b8524035601"
"md","step-04-session-03","tea","tea/workflows/testarch/teach-me-testing/steps-c/step-04-session-03.md","c151a74acf70e6cc8057cda58ff754099c0518154a44d3e44e36a9550793b36d"
"md","step-04-session-04","tea","tea/workflows/testarch/teach-me-testing/steps-c/step-04-session-04.md","0d2488945b2e1bb2e2c772040f9202e8cfb13f6c318ee265df3ef65eea7574da"
"md","step-04-session-05","tea","tea/workflows/testarch/teach-me-testing/steps-c/step-04-session-05.md","dc7e59d103c2097b37e7d61c52a481fd608d235aea066456f04f363f5179e086"
"md","step-04-session-06","tea","tea/workflows/testarch/teach-me-testing/steps-c/step-04-session-06.md","5c4c80c67e6a1e66ca5cf1387cad0c128146d502ef8fff25775e235a584d33ab"
"md","step-04-session-07","tea","tea/workflows/testarch/teach-me-testing/steps-c/step-04-session-07.md","b6e5b6f7ebb4d80792504b25f78a1151644c399ba7c718bca211a8ff6594be2c"
"md","step-04-validate-and-summarize","tea","tea/workflows/testarch/automate/steps-c/step-04-validate-and-summarize.md","907a784a9c3a3d6932137cf80409f9751e1234c0367e8847b3276d86fccfddcd"
"md","step-04-validate-and-summary","tea","tea/workflows/testarch/ci/steps-c/step-04-validate-and-summary.md","869dc8e0aa749715d4116c6fe8623df1e29976d0fd5ad4f4dfc5589543541ad4"
"md","step-04a-subprocess-api-failing","tea","tea/workflows/testarch/atdd/steps-c/step-04a-subprocess-api-failing.md","c5406feab6ad51feb26ee1e9d20f6d59ffdaba715b74ca7152bb07b53e75d713"
"md","step-04a-subprocess-security","tea","tea/workflows/testarch/nfr-assess/steps-c/step-04a-subprocess-security.md","f52e9bad4ba67e50c53ff9355a31a395315923fa46115e9143c50703e49c6f36"
"md","step-04b-subprocess-e2e-failing","tea","tea/workflows/testarch/atdd/steps-c/step-04b-subprocess-e2e-failing.md","6fb622fe3e395fd11774f71adb7c4e3ff6d7cbc90e82fef6588e5b86845ba522"
"md","step-04b-subprocess-performance","tea","tea/workflows/testarch/nfr-assess/steps-c/step-04b-subprocess-performance.md","1d9af73e1b72e6c6dc6fdc86864fc93329e89cc29e282d68ecfbc2deb8df9569"
"md","step-04c-aggregate","tea","tea/workflows/testarch/atdd/steps-c/step-04c-aggregate.md","17871eafbee80d0e5b6ae90fd2d5f5e3ff9d80b2430c6ba637197f0e35a13df2"
"md","step-04c-subprocess-reliability","tea","tea/workflows/testarch/nfr-assess/steps-c/step-04c-subprocess-reliability.md","5953dc8e76433f71a6003ab9229787e1c5299af3d494900edb83c0f7f3b9575f"
"md","step-04d-subprocess-scalability","tea","tea/workflows/testarch/nfr-assess/steps-c/step-04d-subprocess-scalability.md","cb5f8d1d2363058810870457219f934ea13a8484263b68fefeeeb6bf2a5402b4"
"md","step-04e-aggregate-nfr","tea","tea/workflows/testarch/nfr-assess/steps-c/step-04e-aggregate-nfr.md","a8a0d2072deec991fd85e764d99bc936c17480ee7fb7e6d2f4fa3f5748187f4f"
"md","step-05-completion","tea","tea/workflows/testarch/teach-me-testing/steps-c/step-05-completion.md","6a522818bec8615ec44ee496b025364fce8ad15dc39db97e76e66d8629d153ae"
"md","step-05-gate-decision","tea","tea/workflows/testarch/trace/steps-c/step-05-gate-decision.md","0485065c4bdb43f03625868c92a7a0695f07009ba8f3d43b25da758a35812620"
"md","step-05-generate-output","tea","tea/workflows/testarch/test-design/steps-c/step-05-generate-output.md","ef3eb1f4685f72b43d77177dc20ae765adf8e8adbe95101e1281e9c619a3c216"
"md","step-05-generate-report","tea","tea/workflows/testarch/nfr-assess/steps-c/step-05-generate-report.md","1b7a4773ccf84efc5932357fd2c2bd370aa890b62b3be1c3f74c7aeb2a2b9b63"
"md","step-05-validate-and-complete","tea","tea/workflows/testarch/atdd/steps-c/step-05-validate-and-complete.md","cc0d6754bb757a33c3a42d5ea904685b189a5e17a8b4fbeec08fb5bd7c108760"
"md","step-05-validate-and-summary","tea","tea/workflows/testarch/framework/steps-c/step-05-validate-and-summary.md","b63a1a0e562d5f6db1bdf05f12e9001a1a29fc539b55ea840b7f98f6082eeb27"
"md","step-e-01-assess-workflow","tea","tea/workflows/testarch/teach-me-testing/steps-e/step-e-01-assess-workflow.md","69efe382e2c34c40c708cc78983f9da17bc03dadbe48d404cf5fff5a41064af6"
"md","step-e-02-apply-edits","tea","tea/workflows/testarch/teach-me-testing/steps-e/step-e-02-apply-edits.md","e80344a593f15a80c0d9883592ba54fbef2934a4b9d2b5abd892f554a70dc11a"
"md","step-v-01-validate","tea","tea/workflows/testarch/teach-me-testing/steps-v/step-v-01-validate.md","44e3299dd821040695106119643d70ad67cf1f7b050794b0c578c83e2476fa7f"
"md","test-design-architecture-template","tea","tea/workflows/testarch/test-design/test-design-architecture-template.md","dc3317f4b22d2410429acee64f09e043bd677a09335127c65652b40b916cd469"
"md","test-design-handoff-template","tea","tea/workflows/testarch/test-design/test-design-handoff-template.md","2569b545622917e0ece923dd8771aacf0a59ca888793fda492484830f7228b6f"
"md","test-design-qa-template","tea","tea/workflows/testarch/test-design/test-design-qa-template.md","f625c4f80b9cbfbef91392c2c5f771d4dc4e7469372adecaf68158be65e5005c"
"md","test-design-template","tea","tea/workflows/testarch/test-design/test-design-template.md","95d07ad8c73bc42e3b964f497e73203e0dbb90dc631c050771690a5604c1b8fb"
"md","test-healing-patterns","tea","tea/testarch/knowledge/test-healing-patterns.md","34f05dc40b5ead05d9c68299cb1a46f819338a4c8c928ab550a593e17f2b5464"
"md","test-levels-framework","tea","tea/testarch/knowledge/test-levels-framework.md","5397ad467351c55a6c8ee0d7f2fc6fce3d123a0bee35c01af0f71aa90d8bd0ea"
"md","test-priorities-matrix","tea","tea/testarch/knowledge/test-priorities-matrix.md","9f026da4038166ce8c3cc8aaedc9ca32b99eae75a053d5301c07bc53442a7788"
"md","test-quality","tea","tea/testarch/knowledge/test-quality.md","01552faa4496926c4e4badf03ff7c0b17fbf3e5647c3a79348c6e4932602955e"
"md","test-review-template","tea","tea/workflows/testarch/test-review/test-review-template.md","a5b4ea89a0936605c0e454db07013676458f889bef5c536a211cda401e8165fb"
"md","timing-debugging","tea","tea/testarch/knowledge/timing-debugging.md","74304e8e924f1ae21be4edcdea149442a8ee1d5ad23a5388dc32c0cf3f8135e7"
"md","trace-template","tea","tea/workflows/testarch/trace/trace-template.md","d58d9e9de635bb9eebf3a449fe66aa99e998256187204bac59033d5603d8ec24"
"md","validation-report-20260127-095021","tea","tea/workflows/testarch/atdd/validation-report-20260127-095021.md","42471d162a8188ad63f685522f126746e050f9f9e422cdc53f712a98d8ba0082"
"md","validation-report-20260127-095021","tea","tea/workflows/testarch/automate/validation-report-20260127-095021.md","4241261f812521d1f77ed224b2934551a4e5512a1d27c5479d9ee7701f7661ad"
"md","validation-report-20260127-095021","tea","tea/workflows/testarch/ci/validation-report-20260127-095021.md","4559d452230359007d0acb8cf38378b370b148de1df440ae6a5e5de125c82fa5"
"md","validation-report-20260127-095021","tea","tea/workflows/testarch/framework/validation-report-20260127-095021.md","a5ae0a607efa61276f51e2a1e9cba2e9bfd8af8edc027aa9baf7a653751d9041"
"md","validation-report-20260127-095021","tea","tea/workflows/testarch/nfr-assess/validation-report-20260127-095021.md","52bfc8380f126f272da24a1037e239cde3c38be2396374777bf8ebccfe3f83b0"
"md","validation-report-20260127-095021","tea","tea/workflows/testarch/test-design/validation-report-20260127-095021.md","ddd34c35888b4b91a1a836397c3293a9abad4a55d21b7026e700a4e4847fd699"
"md","validation-report-20260127-095021","tea","tea/workflows/testarch/test-review/validation-report-20260127-095021.md","873365366b109e17d6c5ef60d2756742592ba2a0988a22bf636a6f0bae1a85b5"
"md","validation-report-20260127-095021","tea","tea/workflows/testarch/trace/validation-report-20260127-095021.md","7a9d5896cb17cce66950cf84bd566110ad592b575b4b15595ca428ce3846b2f1"
"md","validation-report-20260127-102401","tea","tea/workflows/testarch/atdd/validation-report-20260127-102401.md","c07e6e313327f9d36060138be4ea76f03e4969b432ef4bddc2bda4278969c512"
"md","validation-report-20260127-102401","tea","tea/workflows/testarch/automate/validation-report-20260127-102401.md","a71af7d43d3ba612a648f3abf70b1e763ce0579282ad490f20710bddef27a3ca"
"md","validation-report-20260127-102401","tea","tea/workflows/testarch/ci/validation-report-20260127-102401.md","9b5e68e0a4ba437f0821227222fb4aedffb8158a3998bd2ef8deb3a092b4ed44"
"md","validation-report-20260127-102401","tea","tea/workflows/testarch/framework/validation-report-20260127-102401.md","0a318665a958ca722eb853577cd48a483a073ff6dbb195c35e2e547f94ecce12"
"md","validation-report-20260127-102401","tea","tea/workflows/testarch/nfr-assess/validation-report-20260127-102401.md","878afe4a9b33fe26f15587d06e19447be49c521b6a5ec3b2183d03618a82b98a"
"md","validation-report-20260127-102401","tea","tea/workflows/testarch/test-design/validation-report-20260127-102401.md","1c273f6f194005e3252e843b8d475a660a7e3f4e33b087e768dda144dcd163c2"
"md","validation-report-20260127-102401","tea","tea/workflows/testarch/test-review/validation-report-20260127-102401.md","32ecaa9b185a17634f5f6a34b3373061ed913e83ed113a0def3c5d156ddbacf3"
"md","validation-report-20260127-102401","tea","tea/workflows/testarch/trace/validation-report-20260127-102401.md","a415d1477a1174286fa7da560780c169d3917a95d5274adcfd6cda9618af0964"
"md","visual-debugging","tea","tea/testarch/knowledge/visual-debugging.md","c61f70d5f7eb3bb15e34484b874554672c3d78004b70a0eeb9f713abdd520e1f"
"md","workflow","tea","tea/workflows/testarch/atdd/workflow.md","6a23ad7399c12c59c78d36b3c29c35f2f94d6959fc131412aaacbc3cacd53ca8"
"md","workflow","tea","tea/workflows/testarch/automate/workflow.md","21372b2ec8dadd39aca59b4b633e45497e75f24a56907cc3d085244181ab85ab"
"md","workflow","tea","tea/workflows/testarch/ci/workflow.md","3478b8dc8f3ef923f2902bc06567f426c13a39ee7c4584ab5366105bb5f995d7"
"md","workflow","tea","tea/workflows/testarch/framework/workflow.md","1d9931b5cce8af691d32d253e681deb8da46f815cafb2398020d491807c84822"
"md","workflow","tea","tea/workflows/testarch/nfr-assess/workflow.md","2e1b7256103f6db89ff3903af55542dee91b5c9c758310171e1e76cc43a5f3a7"
"md","workflow","tea","tea/workflows/testarch/teach-me-testing/workflow.md","07c50024d143eaffcf4e0cd06aeafdcb81ad40f43e821218414bed861a509249"
"md","workflow","tea","tea/workflows/testarch/test-design/workflow.md","d6b307b8a351bdde7ac293bdce9a9531768d26958ca68257c9049952bdfc7a0c"
"md","workflow","tea","tea/workflows/testarch/test-review/workflow.md","e9326d33ee82a027df336cad87e4e299c1172d20e7636546e82fbce8065b6cdf"
"md","workflow","tea","tea/workflows/testarch/trace/workflow.md","a4bc2c6403e589f98dad1a31a3f3c70ae17473652e82cb6b783f8968760ac185"
"md","workflow-plan","tea","tea/workflows/testarch/atdd/workflow-plan.md","28b265f8a3b950a92454632a0d78faa3a40b096f85714187455ab5d495787437"
"md","workflow-plan","tea","tea/workflows/testarch/automate/workflow-plan.md","cd569f2f23791b3223778af6461492f02909ae029ce14899feaf4f9e112f2956"
"md","workflow-plan","tea","tea/workflows/testarch/ci/workflow-plan.md","98c0a7ffdc946500c4cf5358ba99559f59c6cbc9c09154d8e477a87b90891952"
"md","workflow-plan","tea","tea/workflows/testarch/framework/workflow-plan.md","a3f83191c092720228f5f9f6e17c97b1eed0967f58bb1b7e54c51b0ca6e49221"
"md","workflow-plan","tea","tea/workflows/testarch/nfr-assess/workflow-plan.md","968c84d8ea3e2ea6b248d2298aff79bc1b00ecab34113ab61ead788cc4f6a1d2"
"md","workflow-plan","tea","tea/workflows/testarch/test-design/workflow-plan.md","981e2c1fe7c701ad33e52ed62a691d747ec8b6b2a5c20637c4d4314914e49470"
"md","workflow-plan","tea","tea/workflows/testarch/test-review/workflow-plan.md","f92e323bb2a786edc3e2377325c3f7efd2cfdebe27a36f9bc94b0cc8149c08f6"
"md","workflow-plan","tea","tea/workflows/testarch/trace/workflow-plan.md","b021c4f55d751b14c96853f1559fb3a6eb044608c4a39ea56bde0ef5d6869692"
"md","workflow-plan-teach-me-testing","tea","tea/workflows/testarch/teach-me-testing/workflow-plan-teach-me-testing.md","98bb051d5d41945c5ee2aea51e8807432b60986cbb3c0aedd723bcdd92a2c78d"
"yaml","azure-pipelines-template","tea","tea/workflows/testarch/ci/azure-pipelines-template.yaml","d4e48de5edc5603872995a15289c736a26cee61b1f0c634fef2c7e957deadb3d"
"yaml","config","tea","tea/config.yaml","bd808deb5c8719d95d41854b34b8d37d4a8e07f22c1cfa284b8f10462551a560"
"yaml","curriculum","tea","tea/workflows/testarch/teach-me-testing/data/curriculum.yaml","28bc2598bdf32fb62d3f248aa93e8849538fa1719bf0e0f7e273f4761c6f29b8"
"yaml","github-actions-template","tea","tea/workflows/testarch/ci/github-actions-template.yaml","07e702884590d10be85e2800e40b18c73147dfc375baf865086132a29ffeb5a3"
"yaml","gitlab-ci-template","tea","tea/workflows/testarch/ci/gitlab-ci-template.yaml","a5b151216164f463fc5dd5f23087a361cdfd60a67e0b150be962c18323ef75fe"
"yaml","harness-pipeline-template","tea","tea/workflows/testarch/ci/harness-pipeline-template.yaml","204b29940ec6b230a9d15d04290c260aa5c1b67795af6cdcfe686e5b3d1811f3"
"yaml","progress-template","tea","tea/workflows/testarch/teach-me-testing/templates/progress-template.yaml","4220c120a19dda4ee3c9a1e9b7cccd3f0a32016c553f58722fcc69d4dafac202"
"yaml","quiz-questions","tea","tea/workflows/testarch/teach-me-testing/data/quiz-questions.yaml","a308173a406edb8f2ab05d373640565c2f677463cdbcbae866ce5c811ce121c7"
"yaml","role-paths","tea","tea/workflows/testarch/teach-me-testing/data/role-paths.yaml","8cc2b2ae0f6fe1d5230702813de078a042ce228e23a184a17bff314cb9f7df2c"
"yaml","session-content-map","tea","tea/workflows/testarch/teach-me-testing/data/session-content-map.yaml","2d98160bb74341e727e0aae425b31780c12375cf91aaa00431f2c137bccc9869"
"yaml","tea-resources-index","tea","tea/workflows/testarch/teach-me-testing/data/tea-resources-index.yaml","230686ef22168ae14884dc2820e4065730c817e5b7faabe5e0c5b987981e8e6b"
"yaml","workflow","tea","tea/workflows/testarch/atdd/workflow.yaml","766700e49ec8109911efb22fd5fd3169c01581ba3e01f67868011bcb5af8d44d"
"yaml","workflow","tea","tea/workflows/testarch/automate/workflow.yaml","26bc74f33ef6d041fffb383e80a8dfe89ec018f8d18fe00392fcf988807c2b50"
"yaml","workflow","tea","tea/workflows/testarch/ci/workflow.yaml","70888c8c48ff76adfcb43f550b3a08cf2db190d71e926d8fa98bd4ea19166a1f"
"yaml","workflow","tea","tea/workflows/testarch/framework/workflow.yaml","4939121a300c75b54b96b06ddb4f50dddafe962ae490a513f45dbb2602657f9e"
"yaml","workflow","tea","tea/workflows/testarch/nfr-assess/workflow.yaml","179ed73001911a1295297da93fd0c7708fb55f8f8b4e69e8bcb3227ad459df14"
"yaml","workflow","tea","tea/workflows/testarch/test-design/workflow.yaml","caeb69f6c57a4e23ca731bcc3b8e5e60017101d768b8aa63a5299a0b1c422a78"
"yaml","workflow","tea","tea/workflows/testarch/test-review/workflow.yaml","56f8d599138bd398d37472c5d09d00b5ebc4080ccd73802ac2be179ade0a10de"
"yaml","workflow","tea","tea/workflows/testarch/trace/workflow.yaml","6b0bfc1b2eed6ea85489f8e1f0a20b2971f03202261a3fdf7f130af48a9d42cb"
